650607	അഞ്ചുശരങ്ങളും പോരാതെ മന്മഥന്‍ നിന്‍ ചിരി സായകമാക്കി.	2187311	Kamdev has used your smile as an arrow as all the five arrows were found insufficient.
650676	പെട്ടെന്ന് അവന്‍ എന്നെ കണ്ടു.	650268	Suddenly he saw me.
650682	ദയവായി നിങ്ങളുടെ കുടുംബത്തെ പറ്റി ഞങ്ങളോട് പറയൂ.	649974	Please tell us about your family.
650709	നിങ്ങള്‍ എപ്പോഴെങ്കിലും ഒരു തിമിംഗലത്തെ കണ്ടിട്ടുണ്ടോ?	69421	Have you ever seen a whale?
650735	നിങ്ങള്‍ ഈ പുസ്തകം വായിക്കണം.	645080	You must read this book.
650749	ഞാന്‍ അവന്‍ വരുമെന്ന് വിചാരിച്ചു.	641018	I thought that he would come.
651275	അവള്‍ക്ക് ഐസ് ക്രീം ഇഷ്ടമാണ്.	650986	She likes ice cream.
651279	ഇന്നലെ ഞാനൊരു നായയെ വാങ്ങിച്ചു. ദൗര്‍ഭാഗ്യവശാല്‍ എന്റെ മാമി അതിനെ അത്താഴത്തിന് പാചകം ചെയ്തു.	651218	Yesterday I bought a dog. Sadly my aunt cooked it for dinner.
651324	എന്റെ മകന് എന്നേക്കാള്‍ ഉയരമുണ്ട്.	467341	My son is taller than I am.
651381	ഞാന്‍ ദൈവത്തില്‍ വിശ്വസിക്കുന്നില്ല.	506536	I don't believe in God.
651384	ഞാന്‍ അവനെ സന്ദര്‍ശിച്ചപ്പോള്‍ അവന്‍ വായനയില്‍ മുഴുകിയിരിക്കുകയായിരുന്നു.	247029	He was absorbed in reading when I visited him.
651477	ഈ കെട്ടിടത്തില്‍ ആരും താമസിക്കുന്നില്ല.	451748	No one lives in this building.
651480	നിങ്ങള്‍ ഏതു വര്‍ഷമാണ് ജനിച്ചത്?	509620	What year were you born?
651485	ആരും എന്നെ മനസ്സിലാക്കുന്നില്ല.	1484	Nobody understands me.
651492	ആരും ജോലി ചെയ്യുന്നില്ല. എല്ലാവരും ലോകകപ്പ് കാണുകയാണ്.	404295	No one is working. Everyone's watching the World Cup.
651494	ആ മരുന്ന് അവളുടെ ജീവന്‍ രക്ഷിച്ചു.	43566	The medicine saved her life.
651495	അവന്‍ ഊണ് കഴിക്കാന്‍ തുടങ്ങി.	301555	He began to eat lunch.
651499	ദയവായി നിങ്ങള്‍ സംസാരിക്കുന്നതിന് മുമ്പ് നിങ്ങളുടെ കൈ ഉയര്‍ത്തുക.	326568	Please raise your hand before you speak.
651928	വെളിച്ചം ശബ്ദത്തേക്കാള്‍ വേഗത്തില്‍ യാത്ര ചെയ്യുമെന്ന് നിങ്ങള്‍ക്കെങ്ങനെ അറിയാം?	240378	How do you know that light travels faster than sound?
651935	ബസ്സില്‍ പോകുന്നതാണ് ലാഭം.	35382	It is cheaper to go by bus.
651936	വന്യ മൃഗങ്ങള്‍ കാട്ടിലാണ് ജീവിക്കുന്നത്.	324123	Wild animals live in the forest.
651937	അവന് ഞങ്ങളെ ഇഷ്ടമല്ല.	322029	He doesn't like us.
651938	അവള്‍ പറഞ്ഞതെന്താണെന്ന് എനിക്ക് മനസ്സിലാക്കാന്‍ സാധിക്കുന്നില്ല.	261260	I can't make out what she said.
651939	ആ വാതില്‍ അകത്തു നിന്ന് പൂട്ടിയിരിക്കുകയായിരുന്നു.	39062	The door was locked from within.
651940	ഞാന്‍ മറന്നു.	436603	I forgot.
651941	ആര്‍ക്കും രണ്ടു കാര്യങ്ങള്‍ ഒരേ സമയത്ത് ചെയ്യാന്‍ സാധിക്കുകയില്ല.	72925	Nobody can do two things at once.
651942	ഇന്ന് രാത്രി മഴ പെയ്തേക്കും.	243400	It may rain tonight.
652202	എനിക്കൊരു ചുറ്റിക വേണം.	436815	I need a hammer.
652203	ഞാന്‍ ഇതൊഴിച്ച് വേറെ എന്തു വേണമെങ്കിലും ചെയ്യാം.	54920	I will do anything but this.
652204	എവിടെയാണ് വേദനിക്കുന്നത്?	37512	Where does it hurt?
652212	ആര് വന്നാലും വാതില്‍ തുറക്കണ്ട.	40420	Whoever comes, don't open the door.
652221	എന്റെ ജീവിതത്തിലെ ഏറ്റവും വേദനാജനകമായ അനുഭവം അതായിരിക്കും.	27590	That might be the most painful experience in my life.
652224	ഇംഗ്ലീഷ് പഠിക്കാന്‍ എളുപ്പമാണ്.	26285	English is easy to learn.
652225	ജൂഡി നന്നായി നൃത്തം ചെയ്യും.	53014	Judy dances very well.
652226	ആ പൂച്ച മേശപ്പുറത്ത് ഉറങ്ങി.	282032	The cat slept on the table.
652227	അവന്‍ രണ്ടാഴ്ചയ്ക്കുള്ളില്‍ തിരിച്ചു വരും.	293046	He will come back in another two weeks.
652229	ആ സിനിമ അവള്‍ക്ക് വളരെയധികം പ്രശസ്തി നേടി കൊടുത്തു.	49566	The movie gained her great popularity.
652230	ഈ സ്ഥലത്താണ് ആ യുദ്ധം നടന്നത്.	62157	This is the place where the battle took place.
652231	ദൗര്‍ഭാഗ്യവശാല്‍ എനിക്കവരെ സഹായിക്കാന്‍ കഴിയില്ല.	464304	Unfortunately, I cannot help them.
652232	നമുക്ക് സമയമില്ല.	449441	We don't have time.
652233	അവന്‍ ഫലങ്ങള്‍ വില്‍ക്കുന്നു.	434998	He sells fruit.
652235	ഞാന്‍ പ്രതീക്ഷച്ചതിനേക്കാള്‍ വലുതാണ് ഈ പൂന്തോട്ടം.	278505	The garden was larger than I had expected.
652237	അമേരിക്കന്‍ വിദ്യാര്‍ത്ഥികള്‍ കണക്കില്‍ പിന്തള്ളപ്പെട്ടു കൊണ്ടിരിക്കുകയാണ്.	67585	American students are falling behind in math.
652238	ഒന്നിനും അവനെ സ്വാധീനിക്കാന്‍ കഴിയുകയില്ല.	38362	Nothing would persuade him.
652239	എല്ലാ പുസ്തകങ്ങളെയും രണ്ടു വിഭാഗങ്ങളിലായി വേര്‍തിരിക്കാന്‍ സാധിക്കും.	273709	All books may be divided into two classes.
652240	ഈ വാക്യത്തിന് ഒന്നില്‍ കൂടുതല്‍ അര്‍ത്ഥങ്ങളുണ്ട്.	57232	The meaning of this sentence is ambiguous.
652241	അവനെ മൂന്ന് വര്‍ഷത്തെ തടവിനായി വിധിച്ചു.	277726	He was sentenced to three years in jail.
652242	നീ നേരത്തെ വരണമായിരുന്നു.	16378	You should have come earlier.
652243	നിനക്ക് ഇവിടെ ഇരിക്കാം.	61758	You may sit here.
652244	പരീക്ഷകളില്‍ ബുദ്ധിമാന്‍മാര്‍ക്ക് ഉത്തരം ചെയ്യാന്‍ പറ്റാത്ത ചോദ്യങ്ങള്‍ മന്ദബുദ്ധികള്‍ ചോദിക്കുന്നു.	263458	In examinations the foolish ask questions that the wise cannot answer.
652247	അവള്‍ നന്നായി പാചകം ചെയ്യും.	317439	She cooks well.
652282	ഞാന്‍ ടോണിയെ സഹായിച്ചു.	255269	I helped Tony.
652318	എന്റെ സഹോദരി എല്ലാ ഞായറാഴ്ചയും അവളുടെ ചെരിപ്പുകള്‍ കഴുകും.	245601	My sister washes her shoes every Sunday.
652319	ബോബ് എന്നെ സഹായിച്ചു.	33256	Bob helped me.
652320	ടോം ജപ്പാനില്‍ പത്തു വര്‍ഷം ജീവിച്ചു.	37332	Tom lived in Japan for ten years.
652321	ബ്രസീലിന്റെ പ്രധാന ഉല്പന്നം കാപ്പിയാണ്.	62244	Coffee is Brazil's main product.
652322	ഞാന്‍ എന്റെ അമ്മൂമ്മയെ സന്ദര്‍ശിച്ചിട്ട് കുറെ നാളായി.	505718	It's been a long time since I visited my grandmother.
652323	സൂര്യന്‍ ഭൂമിയില്‍ നിന്ന് വളരെ ദൂരെയാണ്.	275143	The sun is so distant from the earth.
652324	എനിക്ക് ടികറ്റ് സൗജന്യമായി ലഭിച്ചു.	261890	I got the ticket for free.
652329	മത്സ്യങ്ങള്‍ക്ക് വെള്ളത്തിന് പുറത്ത് ജീവിക്കാന്‍ സാധിക്കില്ല.	19347	Fish cannot live out of water.
652334	ശബ്ദമുണ്ടാക്കരുത്.	477063	Don't make noise.
652335	അവള്‍ ഭാവിയില്‍ പ്രശസ്തയാകും.	315003	She will be famous in the future.
652378	കഴിഞ്ഞയാഴ്ച അവര്‍ക്കൊരു കുട്ടിയുണ്ടായി.	305096	They had a baby last week.
652381	ഒട്ടകപ്പക്ഷിക്ക് ചിറകുകളുണ്ട്, പക്ഷേ അതിന് പറക്കാന്‍ സാധിക്കില്ല.	40840	The ostrich has wings, but it cannot fly.
652382	എനിക്ക് അവന്റെ ആരോഗ്യത്തെപ്പറ്റി ആശങ്കയുണ്ട്.	285983	I am concerned about his health.
652384	അവള്‍ മുപ്പതു വര്‍ഷം സംഗീതം പഠിപ്പിച്ചു.	310155	She taught music for thirty years.
652385	അവന്‍ വീട്ടില്‍ എത്തിച്ചേര്‍ന്നയുടന്‍ മഴ പെയ്യാന്‍ തുടങ്ങി.	391600	It rained as soon as he got home.
652386	എന്റെ അറിവില്‍ അവനൊരു സത്യസന്ധനമാണ്.	471437	As far as I know, he's an honest man.
652387	വിയന്ന മനോഹരമായ ഒരു നഗരമാണ്.	65699	Vienna is a beautiful city.
652392	ആ മുറി അത്ര വലുതല്ല.	67832	That room is not very large.
652438	എനിക്ക് പാചകം ചെയ്യാന്‍ അറിയില്ല.	325787	I don't know how to cook.
652455	വിശപ്പ് അവനെ മോഷ്ടിക്കാന്‍ പ്രേരിപ്പിച്ചു.	18161	Hunger drove him to steal.
652652	അവന്‍ മൂന്ന് ദിവസം കഴിഞ്ഞ് വീട്ടില്‍ തിരിച്ചെത്തി.	467668	He came back home three days later.
652653	അവള്‍ക്കൊരു ചെറിയ കറുത്ത പട്ടിയുണ്ട്.	315007	She has a small black dog.
652654	അവന്‍ അവളുടെ മുഖത്തേക്ക് തുറിച്ച് നോക്കി.	302770	He stared her in the face.
652656	ഞാന്‍ ഈ പട്ടണത്തില്‍ തികച്ചും ഒരു അപരിചിതനാണ്.	57829	I'm quite a stranger in this town.
653454	ഒരു ദിവസത്തില്‍ ഇരുപത്തി നാല് മണിക്കൂര്‍ ഉണ്ട്.	653144	There are twenty-four hours in a day.
653455	ഒരു മനുഷ്യന് പത്ത് വിരലുകളുണ്ട്.	653105	A man has ten fingers.
653457	നീ ആ ചിത്രത്തില്‍ എന്താണ് കാണുന്നത്?	653060	What do you see in the picture?
653458	അഹിംസയുടെ അപ്പസ്തോലനായ മഹാത്മ ഗാന്ധി, 1869-ലാണ് ജനിച്ചത്.	317960	Mahatma Gandhi, the apostle of nonviolence, was born in 1869.
653459	നിന്റെ പ്രിയപ്പെട്ട കളിക്കാരനാരാണ്?	240692	Who is your favorite player?
653460	നീ നാളെ തിരിച്ചു വരുമോ?	431120	Will you come back tomorrow?
653461	അവന്‍ ആ ശബ്ദം കേട്ടു.	300912	He heard the noise.
653463	കണ്ണ് ആത്മാവിന്റെ കണ്ണാടിയാണ്.	323764	The eye is the mirror of the soul.
653464	ഞാന്‍ കാര്‍ നന്നാക്കുന്നതിന് വേണ്ടി മൂന്ന് മണിക്കൂര്‍ ചെലവഴിച്ചു.	254463	I spent three hours repairing the car.
653465	ദയവായി ആ ജനാല തുറക്കൂ	274213	Please open the window.
653466	അവന് അമേരിക്കയില്‍ പോകാന്‍ ആഗ്രഹമുണ്ട്.	252995	He wants to go to America.
653483	ഞാനൊരു വിദ്യാര്‍ത്ഥിയല്ല.	258994	I'm not a student.
653485	അതിനെപ്പറ്റി തര്‍ക്കിച്ചിട്ട് ഒരു കാര്യവുമില്ല.	42923	It is no use arguing about it.
653488	ആരാണ് ആ പെൺകുട്ടി?	68220	Who's that girl?
653775	ആ വാര്‍ത്ത കാട്ടുതീ പോലെ പടര്‍ന്നു.	50118	The news spread like wildfire.
653777	അവള്‍ ലോകമെമ്പാടും സഞ്ചരിച്ചു.	315297	She traveled all over the world.
653789	ക്ഷമിക്കണം. എല്ലാം എന്റെ തെറ്റാണ്.	56374	Sorry. It's all my fault.
653802	എനിക്ക് ഈ പുസ്തകം ഇംഗ്ലീഷിലേക്ക് തര്‍ജ്ജമ ചെയ്താല്‍ കൊള്ളാമെന്നുണ്ട്.	71158	I'd like you to translate this book into English.
654472	ഞാന്‍ അവിടെയായിരുന്നപ്പോള്‍ ഇംഗ്ലീഷ് പഠിച്ചു.	252165	I studied English when I was there.
654477	ഞങ്ങള്‍ അവള്‍ കരയുന്നത് കേട്ടു.	308241	We heard her cry.
654479	അവര്‍ പ്രതീക്ഷ കൈവിട്ടില്ല.	305457	They did not give up hope.
654483	എനിക്ക് കാപ്പി ഇഷ്ടമല്ല.	435422	I hate coffee.
654488	നിങ്ങള്‍ സഹകരിച്ചാല്‍ ഈ ജോലി ചെയ്യാന്‍ എനിക്ക് താല്പര്യമുണ്ട്.	19242	I'm willing to do the job if you cooperate.
654759	എനിക്ക് നന്നായി ഉറങ്ങാന്‍ പറ്റുന്നില്ല.	29912	I can't sleep well.
654764	ഞാന്‍ അവനെ മുമ്പ് കണ്ടതായി ഓര്‍ക്കുന്നു.	273579	I remember seeing him before.
655791	ഞാന്‍ കാല്‍പ്പന്ത് കളിച്ചു.	255512	I played football.
655867	എനിക്ക് ജീവിക്കണം.	261906	I want to live.
655868	എന്റെ കാര്‍ എവിടെയാണ്?	251080	Where is my car?
656091	എനിക്ക് ആ പ്രശ്നം പരിഹരിക്കാന്‍ സാധിച്ചു.	254705	I was able to solve the problem.
656092	ഞങ്ങള്‍ അവിടെ മൂന്ന് മാസം താമസിച്ചു.	248048	We stayed there for three months.
656093	ഞാന്‍ റോമില്‍ പോയിട്ടുണ്ട്.	371414	I have been to Rome.
656095	എന്റെ വയറ് നിറഞ്ഞു.	64037	My stomach is full.
656096	പൊക്കമില്ലായ്മ ജീവിതത്തില്‍ അത്ര വലിയ പോരായ്മയല്ല.	282440	Not being tall is not a serious disadvantage in life.
656098	പുകവലി നിര്‍ത്താന്‍ ഡോക്ടര്‍ അവനെ നിര്‍ദ്ദേശിച്ചു.	27937	The doctor suggested that he give up smoking.
656101	നമുക്ക് അത് പിന്നെ ചര്‍ച്ച ചെയ്യാം.	49200	We will discuss that later.
660529	ജാക്കിന് ചിത്രരചനയിൽ താൽപ്പര്യമുണ്ട്.	53125	Jack is interested in painting.
660530	കണക്ക് പരീക്ഷ എങ്ങനെയുണ്ടായിരുന്നു?	270999	How was the math test?
660531	ആ വാതിൽ അടയ്ക്കൂ.	38992	Shut the door.
662295	എനിക്ക് ടിവി കാണാൻ ഇഷ്ടമാണ്.	255108	I like to watch TV.
662425	അങ്ങനെയാണെങ്കിൽ, പോലീസിനെ വിളിക്കൂ.	46206	In that case, call the police.
662433	അവൻ ജീവിക്കാൻ പാടില്ല.	271710	He must not live.
662462	അഞ്ച് ദിവസം തുടർച്ചയായി മഴ പെയ്തു.	72494	It rained five successive days.
663070	ഞാൻ ഇന്നലെ രാത്രി ഒരു ദുസ്വപ്നം കണ്ടു.	257828	I had a bad dream last night.
663082	ദയവായി, അതെനിക്കു തരൂ.	41825	Give it to me, please.
665025	ടോം ബസ്സിന്റെ മുമ്പിൽ ഇരിക്കുകയായിരുന്നു.	37221	Tom was sitting in the front of the bus.
665026	കാഴ്ച അഞ്ച് ഇന്ദ്രിയങ്ങളിൽ ഒന്നാണ്.	263374	Sight is one of the five senses.
665268	ഞാൻ നിനക്ക് കുറച്ച് ചിത്രങ്ങൾ കാണിച്ചു തരാം.	71094	I will show you some pictures.
665270	ഈ വിവരം വളരെയധികം ആളുകൾക്ക് ഉപകാരപ്രദമാണ്.	46181	The information is useful to a great many people.
665273	അവൻ ഫ്രാൻസിലേക്ക് പോകാൻ തീരുമാനിച്ചു.	292600	He decided to go to France.
665308	ഞാൻ ഒരു കൈ കൊണ്ട് പന്ത് പിടിച്ചു.	255581	I caught the ball with one hand.
665313	അവളുടെ കാഴ്ചപ്പാടിൽ നിന്ന് ആ പ്രശ്നത്തെ കാണാൻ ശ്രമിക്കൂ.	309853	Try to see the problem from her point of view.
665315	നിനക്ക് മഞ്ഞ് ഇഷ്ടമാണോ?	434606	Do you like snow?
665318	അടുത്ത ട്രെയിനിലെ തിരക്ക് ഇതിനേക്കാൾ കുറവായിരിക്കും.	264339	The next train will be less crowded than this one.
665323	കാത്തിരുന്നിട്ട് കാര്യമില്ല.	275300	There's no point in waiting.
665330	അവളുടെ വാക്കുകൾ എന്നെ ഭ്രാന്തനാക്കി.	308868	Her words made me mad.
665333	അത് അസാധ്യമാണ്.	41295	That's impossible.
666257	ആരും എന്നെ സഹായിക്കാൻ വന്നില്ല.	276631	Nobody came to help me.
666263	നിങ്ങൾ ഈ പട്ടണത്തിലുണ്ടായിരുന്നുവെന്ന് എനിക്ക് അറിയില്ലായിരുന്നു.	18031	I didn't know that you were in this town.
666290	ഞാൻ നിങ്ങളെ എവിടെയോ കണ്ടതായി ഓർക്കുന്നു.	38247	I remember meeting you somewhere.
666293	അവൾക്കേതു നിറമാണ് ഇഷ്ടമുള്ളതെന്ന് നിനക്ക് അറിയാമോ?	311849	Do you know what color she likes?
666298	മേശക്കടിയിൽ ഒരു കറുത്ത പൂച്ചയുണ്ടായിരുന്നു.	39626	Under the table was a black cat.
666299	ഞങ്ങൾ അവനിൽ നിന്നും ഏറെ പ്രതീക്ഷിക്കുന്നു.	403382	We expect a lot from him.
668636	അവനെനിക്കൊരു സമ്മാനം അയച്ചു തന്നു.	297540	He sent me a present.
670455	നിങ്ങൾ ഒരു അധ്യാപകനാണ്.	69155	You are a teacher.
670456	ഞാൻ ടെന്നിസ് കളിക്കാൻ പോവുകയാണ്.	255099	I am going to play tennis.
670457	ആദ്യനോട്ടത്തിൽ തന്നെ ഞാൻ അവനെ തിരിച്ചറിഞ്ഞു.	256116	I recognized him at first glance.
671524	നാളെ മഴ പെയ്യുമെന്ന് എനിക്ക് തോന്നുന്നില്ല.	323269	I don't think it'll rain tomorrow.
672234	ആ പട്ടണം ഒരു നഗരമായ് വളർന്നു.	45040	The town grew into a city.
672307	ഞാൻ ഇതുവരെ എന്റെ അമ്മാവന്റെ വീട്ടിൽ പോയിട്ടില്ല.	253226	I've never been to my uncle's house.
672967	ഞാൻ ഒരു പക്ഷിയായിരുന്നെങ്കിൽ, എനിക്ക് നിന്റെ അടുത്തേക്ക് പറന്നു വരാമായിരുന്നു.	278179	If I had been a bird, I could have flown to you.
672973	അവൾക്ക് ആകർഷണീയമായ കണ്ണുകളുണ്ട്.	317194	She has attractive eyes.
674280	അവൻ നമ്മുടെ ടീമിന്റെ നായകനാകാൻ യോഗ്യനാണ്.	293401	He is worthy to be captain of our team.
674288	അവന്റെ കുതിര വേലിക്ക് മുകളിലൂടെ ചാടി.	287303	His horse jumped over the fence.
674303	അവനൊരു പുതിയ കാർ വേണം.	299901	He wants a new car.
678177	നാളെ വീണ്ടും വരൂ.	323324	Come again tomorrow.
679362	ഈ കസേര വളരെ ചെറുതാണ്.	463270	This chair is too small.
707639	അവന് അവന്റെ കഴിവിൽ ആത്മവിശ്വാസമുണ്ട്.	298817	He is confident of his ability.
708470	എല്ലാത്തിനും അതിന്റേതായ സമയമുണ്ട്.	319884	There is a time for all things.
708472	അവൻ ടോമിനേക്കാൾ വളരെ ചെറുപ്പമാണ്.	292105	He's much younger than Tom.
708477	ഞാൻ അവളുടെ നിഘണ്ടു അവൾക്ക് തിരിച്ചു കൊടുത്തു.	646848	I gave her her dictionary back.
708485	അവൻ സത്യം പറഞ്ഞു.	299984	He told the truth.
708494	സർക്കാർ വിദ്യാഭ്യാസത്തെ പരിഷ്ക്കരിച്ചു കൊണ്ടിരിക്കുകയാണ്.	271461	The government has been reforming education.
710400	അവന് എന്നേക്കാൾ വേഗത്തിൽ ഓടാൻ കഴിയും.	529843	He can run faster than me.
711691	അവൻ ഒരു നല്ല മനുഷ്യനാണ്.	303816	He is a nice person.
711693	അവൻ അവിടെ പോയോ?	290445	Did he go there?
711698	ഞാൻ അതിനെക്കുറിച്ച് ആലോചിക്കാം.	31268	I'll think about it.
711699	എനിക്ക് ചെറിയ കവിതകൾ ഇഷ്ടമാണ്.	259390	I like short poems.
714232	അശ്രദ്ധ മൂലമാണ് കാട്ടുതീ ഉണ്ടായത്.	47704	The forest fire occurred through carelessness.
714248	അവൾക്കിതു വരെ ഒരു സൈക്കിൾ ഓടിക്കാൻ അറിയില്ല.	312234	She can't ride a bicycle yet.
714254	ജോൺ അവന്റെ പുതിയ വീടിനെക്കുറിച്ച് വളരെയധികം അഭിമാനിക്കുന്നു.	52525	John is very proud of his new house.
716617	അവന് തെറ്റ് വരുത്താതെ ഇംഗ്ലീഷ് എഴുതാൻ സാധിക്കില്ല.	294028	He cannot write English without making mistakes.
716619	അപരിചിതമായ ശബ്ദം കേട്ട പൂച്ച ഭയന്നു.	44552	The cat was scared by an unfamiliar noise.
716621	ഇതെന്റെ കുടയല്ല, വേറാരുടെയോ ആണ്.	55619	This isn't my umbrella; it's somebody else's.
716624	പ്രാതലിനു മുമ്പ് കുറച്ച് വ്യായാമം ചെയ്യുന്നത് എന്റെ ശീലമാണ്.	259482	I am in the habit of taking some exercise before breakfast.
716625	ചെയർമാനായി ആരെയാണ് തെരഞ്ഞെടുക്കാൻ പോകുന്നത്?	276306	Who will be elected chairman?
716626	അവളുടെ സൗന്ദര്യം മുറിയിലുണ്ടായിരുന്ന എല്ലാവരെയും ആകർഷിച്ചു.	688040	Her beauty attracted everyone in the room.
716627	അവൻ അവിടെയുണ്ടായിരുന്നുവെന്ന് എനിക്കറിയില്ലായിരുന്നു.	394206	I didn't know that he was there.
716629	പാചകത്തിനിടെ അവളുടെ കൈയ്ക്ക് ചെറുതായി പൊള്ളലേറ്റു.	317453	She got a slight burn on her hand while cooking.
716630	പ്രധാന വീഥികളെല്ലാം വളരെ വലുതാണ്.	462774	The main streets are very wide.
716632	ഞങ്ങൾ ഒരാഴ്ച തങ്ങാനാണ് ആലോചിക്കുന്നത്.	27718	We plan to stay a week.
716633	ഞങ്ങൾ ഒരു ടെന്നിസ് മത്സരത്തിൽ പങ്കെടുക്കും.	248204	We will take part in a tennis match.
716636	മനുഷ്യരാശിക്ക് മൃഗങ്ങളുടെയും പക്ഷികളുടെയും മേൽ ആധിപത്യമുണ്ടോ?	270311	Does mankind have dominion over animals and birds?
716638	അവന് ഒരു കാർ അപകടത്തിൽ പരിക്കേറ്റു.	298502	He was hurt in a car accident.
716642	അവന്റെ അഭിപ്രായം ഒരു പരിധി വരെ ശരിയാണ്.	285494	His opinion is right to some extent.
716644	അവന്റെ സഹോദരൻ എപ്പോഴും ടി.വി. കണ്ടുകൊണ്ടിരിക്കും.	287177	His brother is always watching TV.
718091	വിദ്യാഭ്യാസം ഭാവിയിലേക്കുള്ള ഒരു നിക്ഷേപമാണ്.	19112	Education is an investment in the future.
718092	നിങ്ങളുടെ കൈയ്യിൽ ഒരു ഇംഗ്ലീഷ് നിഘണ്ടുവുണ്ടോ?	26324	Do you have an English dictionary?
720961	ആ അപകടത്തിൻ നിരവധി പേർ കൊല്ലപ്പെട്ടു.	47178	Many people were killed in the accident.
720965	ദയവായി ഇതൊരു ക്രിസ്മസ് സമ്മാനം പോലെ പൊതിയൂ.	387464	Please wrap it like a Christmas present.
727076	എനിക്ക് കണക്ക് അത്ര ഇഷ്ടമല്ല.	271008	I do not like mathematics very much.
732399	അവന് ബേസ്ബോൾ വളരെയധികം ഇഷ്ടമാണ്.	304250	He likes baseball very much.
732400	ഞങ്ങൾക്ക് അക്കാലത്ത് ടിവിയുണ്ടായിരുന്നില്ല.	50379	We didn't have TV in those days.
732402	ഒരു കുട്ടിക്ക് പോലും അതു മനസ്സിലാക്കാൻ കഴിയും.	245808	Even a child can understand it.
745927	ഈ രോഗം എങ്ങനെയാണ് പടരുന്നത്?	57425	How does this disease spread?
759799	ഒന്നും നഷ്ടപ്പെടാനില്ലാത്തവെ വെല്ലുവിളിക്കരുത്.	371002	Don't challenge someone who has nothing to lose.
759811	എന്റെ വലതുകണ്ണിലെ കാഴ്ച എനിക്ക് രണ്ടു വർഷം മുമ്പ് നഷ്ടമായി.	72786	I lost the eyesight in my right eye two years ago.
759814	ഇപ്പോഴത്തേക്ക് അതു മതിയാകും.	243578	That will be enough for now.
759816	കത്തി ഉപയോഗിച്ച് കഴിക്കുന്നത് ഒരു മോശം ശീലമാണ്.	36549	It is bad manners to eat with a knife.
759822	ഈ വീട്ടിൽ എത്ര പൂച്ചകളുണ്ട്?	61705	How many cats are there in this house?
759823	ഈ ദുരന്തത്തിന്റെ യഥാർത്ഥ കാരണം എന്താണ്?	57465	What is the real cause of this tragedy?
759824	അവന് നീന്താൻ കഴിയും.	293936	He can swim.
759826	അവൻ ആഫ്രിക്കയിലാണ് ജനിച്ചത്.	288790	He was born in Africa.
759832	അഞ്ചാഴ്ചയായി അവൻ അസുഖം ബാധിച്ച് കിടക്കയിലായിരുന്നുവെന്ന് അവന്റെ അമ്മ പറഞ്ഞു.	288605	His mother said that he had been ill in bed for five weeks.
759834	ഞാൻ ഇന്നലെ മൂന്ന് മത്സ്യങ്ങളെ പിടിച്ചു.	63296	I caught three fish yesterday.
759835	എന്റെ ക്ലാസിലെ പകുതി പേർക്ക് നായകളെ ഇഷ്ടമാണ്.	250300	Half of my class like dogs.
759841	അവൻ അവളെ ദേഷ്യത്തോടെ നോക്കി.	303467	He looked at her angrily.
759844	അവന്റെ കൈയ്യിൽ വളരെയധികം പഴയ നാണയങ്ങൾ ഉള്ളതായി പറയപ്പെടുന്നു.	300555	It is said that he has a lot of old coins.
759847	ഞങ്ങൾ ഈ തുക ജൂൺ മുപ്പതിന് മുമ്പായി അടയ്ക്കാം.	245206	We will pay this amount by June 30.
759849	വോളിബോൾ കളിക്കുന്നതിനിടെ എന്റെ വിരൽ ഉളുക്കി.	34994	I sprained my finger while playing volleyball.
759850	ഈ രാജ്യം ആക്രമണത്തിൽ നിന്നും സുരക്ഷിതമാണ്.	59249	This country is safe from attack.
759852	ഞാൻ വീട്ടിൽ നിന്നിറങ്ങിയ ശേഷം, അഞ്ച് മിനിട്ടിനുള്ളിൽ മഴ പെയ്യാൻ തുടങ്ങി.	246643	It began to rain five minutes after I left home.
759853	ആർക്കും ഗുഹ കണ്ടെത്താനായില്ല.	40355	No one could find the cave.
759854	എട്ടിനും പത്തിനുമിടയ്ക്കാണ് അതു സംഭവിച്ചത്.	42187	It happened between eight and ten.
759855	ഈ വാക്ക് എങ്ങനെയാണ് ഉച്ചരിക്കുന്നത്.	387499	How do you say this word?
759857	ഫ്ലോറൻസ് ഇറ്റലിയിലെ ഏറ്റവും മനോഹരമായ നഗരമാണ്.	2435	Florence is the most beautiful city in Italy.
759858	ഈ നോവൽ മനസ്സിലാക്കാൻ വളരെ പ്രയാസമാണ്.	718392	This novel is very difficult to understand.
759861	എനിക്കാവശ്യം പണം മാത്രമാണ്.	247118	All I want is money.
759862	എന്നെ വിളിക്കാൻ മറക്കരുത്.	321152	Don't forget to call me.
759867	ഞാൻ ഒരു ദിവസത്തിൽ രണ്ടു തവണ പല്ല് തേയ്ക്കും.	321574	I brush my teeth twice a day.
759869	എനിക്ക് കാശ് വേണം.	64620	I want money.
759874	വേനൽ അവധിക്കാലം വളരെ പെട്ടെന്ന് അവസാനിച്ചു.	24306	The summer vacation ended all too soon.
759880	അവൻ പണത്തിനായി ആവശ്യപ്പെട്ടു.	289449	He asked for money.
759883	സമ്പത്തും പ്രശസ്തിയും ഉണ്ടായിട്ടും, അവൻ ദുഃഖിതനാണ്.	67026	For all his wealth and fame, he is unhappy.
759890	അവന് കണക്കിൽ നല്ല മാർക്ക് കിട്ടി.	300237	He got good marks in math.
759892	അവൾ ആ കാഴ്ച കണ്ട് വളരെയധികം അത്ഭുതപ്പെട്ടു.	311212	She was very surprised at the sight.
759898	നഷ്ടപ്പെടുത്താൻ സമയമില്ല.	63030	There is no time to lose.
759901	ആരും അങ്ങനെയൊരു സാധനം കണ്ടിട്ടേയില്ല.	40379	No one ever saw such a thing.
759909	അവൻ എപ്പോഴും കള്ളം പറയുന്നത് കൊണ്ട്, ആരും അവനെ വിശ്വസിക്കാറില്ല.	293243	As he often tells lies, nobody believes him.
759915	ഞാനെപ്പോൾ വിളിക്കുമ്പോഴും, അവൻ പുറത്തായിരിക്കും.	65983	Whenever I call, he is out.
759920	ഈ വീട്ടിൽ രണ്ട് കുളിമുറികളുണ്ട്.	60175	This house has two bathrooms.
762040	ഞാൻ ഒരു ബാങ്കിൽ ജോലി ചെയ്യുന്നു.	663084	I work in a bank.
762042	അവൻ എന്റെ അമ്മയോടു ചോദിച്ചു.	749761	He asked my mother.
762044	ഞാൻ ഈ സിനിമ മുമ്പ് കണ്ടതായി ഓർക്കുന്നു.	60249	I remember having seen this movie before.
762045	എനിക്ക് ഒന്നിനെപ്പറ്റിയും ഭയമില്ല.	256392	I am not frightened of anything.
762069	അവൻ വാതിൽ അടച്ചു.	478255	He closed the door.
762070	എത്ര അതിഥികളുണ്ട്?	436153	How many guests are there?
762073	ഞാൻ ഗോൾഫിന്റെ വലിയ ആരാധകനാണ്.	253771	I'm a big fan of golf.
762766	അവർ അവന് രക്ഷപ്പെടാൻ ഒരവസരം കൊടുത്തു.	317715	They gave him a chance to escape.
762782	ഞാൻ ഞായറാഴ്ച രാവിലെ അവനെ സന്ദർശിച്ചു.	620619	I visited him on Sunday morning.
763856	ഒരു ബാസ്കറ്റ് ബോൾ ടീമിൽ അഞ്ചു കളിക്കാരുണ്ട്.	35410	A basketball team consists of five players.
763857	പ്രധാന മന്ത്രി ഇന്നലെ രാജിവച്ചു.	274267	The Prime Minister resigned yesterday.
763860	ഈ ലോകത്ത് വാക്കുകൾ കൊണ്ട് വിവരിക്കാൻ പറ്റാത്ത പലതും ഉണ്ട്.	2258	There are things in this world which simply cannot be expressed in the form of words.
763861	ഞാൻ എന്റെ ഏറ്റവും മികച്ച വസ്ത്രങ്ങളാണ് ധരിച്ചിരുന്നത്.	256106	I was wearing my best clothes.
763862	റോഡ് മുറിച്ചു കടക്കുമ്പോൾ സൂക്ഷിക്കുക.	44671	Cross the road with care.
763865	പുറത്ത് പോകുന്നതിനു മുമ്പ് ഗ്യാസ് അണച്ചു എന്നുറപ്പ് വരുത്തുക.	266761	Be sure to turn off the gas before you go out.
765259	നാളെ മഴ പെയ്യുമോ?	475766	Will it rain tomorrow?
765260	ഞാൻ പക്ഷികളുടെ സംഗീതം കേട്ടുകൊണ്ടിരുന്നു.	259533	I listened to the music of birds.
765290	ധനം ഒരു നല്ല ഭൃത്യനാണ്, പക്ഷേ ഒരു മോശം യജമാനനും.	18582	Money is a good servant, but a bad master.
765292	അവൾ ഒരു കടയിൽ നിന്ന് മറ്റൊന്നിലേക്ക് പോയി.	310347	She went from one shop to another.
765300	ജാക്ക് ഇവിടെയില്ല.	53170	Jack isn't here.
765305	എനിക്ക് എന്നെങ്കിലും ഒരിക്കൽ ഇംഗ്ലണ്ട് സന്ദർശിക്കണമെന്നുണ്ട്.	66352	I'd like to visit England someday.
766130	അവൻ എനിക്കൊരു അപരിചതനല്ല.	295809	He is no stranger to me.
766132	ഈ ചോദ്യത്തിന് ഉത്തരം പറയാൻ ബുദ്ധിമുട്ടാണ്.	523903	It's difficult to answer this question.
766137	എന്റെ ജന്മദിനം മാർച്ച് 22-നാണ്.	251418	My birthday is on March 22.
766139	ഇതു നിന്റെ പേനയാണോ?	55989	Is this your pen?
766342	ആ കൊക്ക് ഒറ്റക്കാലിൽ നിൽക്കുകയായിരുന്നു.	44971	The crane was standing on one leg.
766343	ഈ പേനകൾ അവന്റേതാണ്.	55276	These pens are his.
766344	എനിക്കൊരു തടിമേശയുണ്ട്.	436655	I have a wooden table.
766345	ദയവായി ഈ കുപ്പി തുറക്കുക.	442957	Please open the bottle.
766346	എനിക്ക് അവന്റെ വാക്ക് വിശ്വസിക്കാൻ കഴിയില്ല.	321923	I can't trust in his word.
766347	അവൾ സമയത്ത് വരുമോ എന്നുള്ളത് സംശയമാണ്.	308338	It is doubtful whether she will come on time.
766348	നീ ജനാല തുറന്നിട്ടിരുന്നോ?	16831	Did you leave the window open?
766349	അവളുടെ ചുറ്റുമുള്ള വിദ്യാർത്ഥികൾ പരീക്ഷയെ പറ്റി സംസാരിക്കുകയായിരുന്നു.	309200	The students around her were talking about the test.
766442	ഈ പാട്ട് ഞങ്ങൾക്ക് സുപരിചിതമാണ്.	60107	This song is familiar to us.
766444	ഞാൻ നിന്നെ കൊല്ലും.	436719	I'll kill you.
766445	ഞാൻ ഉണർന്നിരിക്കുകയാണ്.	323761	I'm awake.
766446	ശാസ്ത്രജ്ഞർക്ക് രണ്ട് ഗ്രഹങ്ങൾ തമ്മിലുള്ള ദൂരം എളുപ്പത്തിൽ കണക്കുകൂട്ടാൻ സാധിക്കും.	23972	Scientists can easily compute the distance between planets.
766448	ഞാൻ അവനെ ഒരു കളിക്കായി വെല്ലുവിളിച്ചു.	260407	I challenged him to a game.
766449	അവസാനം, അവൻ വന്നു.	39875	At last, he came.
766452	എനിക്ക് രാത്രി വൈകിയിരുന്നു ശീലമില്ല.	261992	I am not used to sitting up late at night.
766453	അവൻ ഒരു തെറ്റു വരുത്തി എന്നു കരുതി എനിക്കവനോടു ദേഷ്യമില്ല.	259994	I am not angry with him because he made a mistake.
766459	അവൻ ചൈനയിൽ നിന്നു തിരിച്ചുവന്നിരുന്നു.	301533	He had come back from China.
766722	അവൾക്കെല്ലാം അറിയാം എന്നപ്പോലെയാണ് അവൾ സംസാരിക്കുന്നത്.	312272	She talks as if she knew everything.
766723	അവൾ നാളെ വന്നേക്കും.	662604	She might come tomorrow.
766724	എന്റെ കീശയിൽ കാശില്ല.	285428	I have no money in my pocket.
766725	ഞാൻ ഈജിപ്തിൽ നിന്നാണ്.	436343	I am from Egypt.
766726	അവൾ ഒരു പാചക വിദഗ്ധയാണ്.	325781	She is an expert when it comes to cooking.
766727	മത്സ്യങ്ങൾക്ക് വെള്ളത്തിന് പുറത്ത് ജീവിക്കാൻ സാധിക്കില്ല.	452790	Fish can't live out of water.
766728	അവൻ അവൾ എവിടെയാണ് താമസിക്കുന്നത് എന്നു ചോദിച്ചു.	302663	He asked her where she lived.
766729	അവന് എന്നേക്കാൾ പത്തു കിലോ കൂടുതലാണ്.	526998	He weighs ten more kilos than me.
766732	ആൾക്കാർക്ക് നായകളെ ഇഷ്ടമാണ്.	748550	People love dogs.
766733	ഞാൻ നിന്റെ കൂടെയുണ്ട്.	607750	I'm with you.
767746	നീ ഇന്നലെ വൈകുന്നേരം എന്താണ് ചെയ്തത്?	401798	What did you do yesterday evening?
770370	ഞാൻ ഇപ്പോൾ തന്നെ വരികയാണ്.	52187	I'm coming at once.
770372	ആരോട് ഉപദേശം ചോദിക്കണമെന്ന് എനിക്കറിയില്ല.	259380	I don't know who to ask for advice.
770374	എനിക്ക് കണക്ക് പഠിക്കേണ്ടതായിയുണ്ട്.	258939	I need to study math.
770377	അവൾ അവളുടെ പതിനഞ്ചാം പിറന്നാൾ ഇന്നലെ ആഘോഷിച്ചു.	313809	She celebrated her fifteenth birthday yesterday.
770380	ടോം മീശ വളർത്തുകയാണ്.	37149	Tom is growing a mustache.
770382	നാലിനെ രണ്ട് കൊണ്ട് ഗുണിച്ചാൽ എട്ട് കിട്ടും.	72604	Four multiplied by two is eight.
770383	റഷ്യ വളരെ വലിയ സാമ്പത്തിക പ്രതിസന്ധി നേരിടുകയാണ്.	29368	Russia is facing great financial difficulties.
770384	അതൊരു നിഘണ്ടുവാണ്.	42345	It's a dictionary.
770543	അവൻ പോയി കാണും.	622262	He must have left.
770872	നീയും ഞാനും പുരുഷന്മാരാണ്.	71205	You and I are men.
770875	അവന്റെ വിശദീകരണം തൃപ്തികരമല്ലായിരുന്നു.	45809	His explanation was not satisfactory.
770876	എനിക്ക് സംഗീതം വളരെ ഇഷ്ടമാണ്.	256321	I like music very much.
770877	അവൾ എന്നും രാവിലെ നേരത്തെ എഴുന്നേൽക്കും.	317082	She gets up early every morning.
770949	ഞാൻ ഈ പുസ്തകം ഇന്നലെയാണ് വാങ്ങിച്ചത്.	253749	I bought this book yesterday.
772210	ഞാൻ അവിടെ ചെന്നപ്പോൾ കട അടച്ചിരുന്നു.	254095	The shop was closed when I went there.
772211	ഞാനും പോയി.	262358	I also went.
772212	എനിക്ക് കുട്ടികളില്ല.	257961	I don't have any children.
772213	വിട്ടു കൊടുക്കരുത്	278606	Don't give up!
772214	ഞാൻ അവനെ മുമ്പെവിടെയോ കണ്ടതായി ഓർക്കുന്നു.	284972	I remember having seen him somewhere before.
772215	ഞാൻ ഈ രണ്ട് പുസ്തകങ്ങളും വായിച്ചിട്ടുണ്ട്.	55076	I've read both these books.
772216	നിനക്കിഷ്ടമാണെങ്കിൽ, ഞാൻ നിന്നെ ചെസ്സ് കളിക്കാൻ പഠിപ്പിക്കാം.	29867	If you like, I will teach you to play chess.
772217	അവനെ കണ്ടപ്പോൾ തന്നെ ഞാൻ പൊട്ടിച്ചിരിക്കാൻ തുടങ്ങി.	307799	As soon as I saw him, I burst into laughter.
772218	എന്റെ അച്ഛൻ ഒരു ബാങ്ക് ക്ലാർക്കാണ്.	251673	My father is a bank clerk.
772221	അവർ എന്നെ കൊല്ലും.	279553	They'll kill me.
772222	യുദ്ധം തീർന്ന വർഷമാണ്, ഞാൻ ജനിച്ചത്.	273275	The year the war ended, I was born.
772223	ഞാൻ സ്റ്റേഷനിലെത്തിയപ്പോഴേക്കും തീവണ്ടി പുറപ്പെട്ടു കഴിഞ്ഞിരുന്നു.	246614	When I arrived at the station, the train had already left.
772224	ഡേവിഡ് വീട്ടിൽ കാണാൻ വഴിയില്ല.	742119	David can't be at home.
776021	നിന്റെ ഉപന്യാസത്തിൽ വളരെയധികം അക്ഷരതെറ്റുകളുണ്ട്.	17333	There are several spelling errors in your essay.
776092	എന്നെ വിരുന്നിലേക്ക് ക്ഷണിച്ചതിന് നന്ദി.	35673	Thank you for inviting me to the party.
776093	അവൾക്ക് ഫെബ്രുവരിയിൽ പതിനേഴ് തികയും.	704969	She'll be seventeen in February.
777649	ഞങ്ങൾ ഇംഗ്ലീഷ് വായിക്കാൻ പഠിച്ചു.	248452	We learned how to read English.
779085	ദയവായി നിങ്ങളുടെ വീടിനെ പറ്റി എഴുതുക.	70789	Please write about your home.
779135	നിനക്ക് ഈ നിഘണ്ടുവിൽ ആശ്രയിക്കാം.	58823	You can depend on this dictionary.
779136	പതുക്കെ നടക്കുക.	30117	Walk slowly.
779137	ഞങ്ങൾ വളരെയധികം ക്ഷീണിച്ചിരുന്നു.	248234	We were very tired.
779139	ഞാൻ എന്നും രാവിലെ ആറ് മണിക്ക് എഴുന്നേൽക്കും.	261797	I get up at six every morning.
780407	എന്നെങ്കിലും ഒരിക്കൽ എനിക്ക് ഇംഗ്ലണ്ടിൽ പോകണമെന്നുണ്ട്.	66377	Someday I'd like to go to England.
780408	ഞാൻ നിന്നെ പിന്നെ എപ്പോഴെങ്കിലും വിളിക്കാം.	32697	I'll call you some other time.
780410	എവറസ്റ്റ് കൊടുമുടി ആദ്യമായി കീഴടക്കിയതാരാണെന്ന് നിനക്കറിയാമോ?	40430	Do you know who conquered Mt. Everest first?
780411	ഞാൻ നിനക്ക് ഈ പുസ്തകം തരാം.	56849	I will give you this book.
780412	ഞാൻ മനസ്സിലാക്കുന്നു.	433468	I understand.
780413	ഞങ്ങൾക്ക് ആവശ്യത്തിന് സമയമുണ്ട്.	263985	We have enough time.
780414	ഞാൻ മൃഗങ്ങളെ പറ്റിയുള്ള ഒരു പുസ്തകം വാങ്ങിച്ചു.	259709	I bought a book about animals.
780415	പുറത്ത് ഇരുട്ടാണ്.	22004	It is dark outside.
780416	എന്റെ സുഹൃത്തിന് ഇംഗ്ലീഷ് പരീക്ഷയിൽ നല്ല മാർക്ക് കിട്ടി.	324358	My friend got good marks in the English examination.
780417	എന്റെ തൊണ്ട വരണ്ടിക്കുകയാണ്.	680748	My throat is dry.
780420	എനിക്ക് ഈ വാക്കിന്റെ അർത്ഥം മനസ്സിലാകുന്നില്ല.	253693	I can't understand the meaning of this word.
780449	അവൻ അവന്റെ അച്ഛന്റെ കാൽപ്പാടുകൾ പിന്തുടർന്നു.	303365	He followed in his father's footsteps.
780453	ഇന്ന് തിങ്കളാഴ്ചയാണ്.	516321	Today is Monday.
780454	എന്നെ സഹായിക്കൂ.	266065	Help me.
780455	അവളുടെ മുടി നീണ്ടതാണ്.	309627	Her hair is long.
780457	ഒരു വാക്ക് പോലും മിണ്ടാതെ അവൾ പോയി.	707423	She left without saying even a single word.
780460	ഞാൻ ഈ കഥ കേട്ടിട്ടുണ്ട്.	43281	I have heard the story.
780461	നീ എപ്പോഴാണ് പുകവലി ഉപേക്ഷിക്കാൻ പോകുന്നത്?	70202	When are you going to quit smoking?
780462	ആകാശം ഇരുണ്ടിരുന്നു.	680634	The sky was dark.
780463	അവൻ ഭയപ്പെടാൻ തുടങ്ങി.	289995	He began to feel afraid.
780464	ഇറച്ചിയുടെ വില കുറഞ്ഞു.	281001	The price of meat dropped.
780466	അവൻ വളരെ എളുപ്പത്തിൽ പദപ്രശ്നം പൂരിപ്പിച്ചു.	290466	He did the crossword with ease.
780467	നീ വീട്ടിൽ നിന്ന് കുറച്ച് നേരത്തെ പുറപ്പെട്ടിരുന്നുവെങ്കിൽ നിനക്ക് സമയത്ത് എത്താമായിരുന്നു.	31256	If you had left home a little earlier you would have been in time.
780468	ഞങ്ങൾ സ്കൂളിലേക്ക് പഠിക്കാനാണ് പോകുന്നത്.	249354	We go to school to study.
780469	അവൾ കരയാതിരിക്കാൻ ശ്രമിച്ചു.	317478	She tried not to shed tears.
780470	അവൻ ഒന്നുമല്ല.	291799	He's nothing.
780471	ചന്ദ്രൻ ഭൂമിയുടെ ഏക ഉപഗ്രഹമാണ്.	238831	The moon is the earth's only satellite.
781048	എനിക്ക് നീ ചിരിക്കുന്ന രീതി ഇഷ്ടമാണ്.	17051	I like the way you smile.
781052	ഈജിപ്തിലെ പിരമിഡുകൾ ലോകത്തിലെ ഏഴ് അത്ഭുതങ്ങളിൽ ഒന്നാണ്.	682468	The pyramids of Egypt are one of the seven wonders of the world.
781056	ഞാൻ ജപ്പാനിൽ രണ്ട് വർഷം മുമ്പാണ് വന്നത്.	252542	I came to Japan two years ago.
781058	അവസാനം, അവർ ഒരു തീരുമാനത്തിൽ എത്തി.	39858	At last, they came to a decision.
781060	ഇംഗ്ലീഷ് നന്നായി സംസാരിക്കാൻ അത്ര എളുപ്പമല്ല.	52991	It is not easy to speak English well.
781061	വേറെ എന്താണ് നിനക്ക് വേണ്ടത്?	274613	What else do you want?
781066	എനിക്ക് രാത്രി ഉറങ്ങാൻ കഴിയുന്നില്ല.	318679	I can't sleep at night.
781067	അവൾ പുകവലി നിർത്തി.	311562	She stopped smoking.
781070	അവൻ എനിക്ക് ഒരു നല്ല സമ്മാനം തന്നു.	297673	He gave a nice present to me.
781621	അവന് ഗോൾഫ് എങ്ങനെയാണ് കളിക്കുന്നതെന്ന് അറിയില്ല.	289976	He doesn't know how to play golf.
781623	ഞാൻ കുറച്ച് ദിവസത്തേക്ക് പട്ടണം വിടുകയാണ്.	271061	I am leaving town for a few days.
781624	അവൾക്ക് ഈ പൂച്ചകളെ ഇഷ്ടമാണ്.	488218	She likes these cats.
781627	ഞാൻ എന്റെ മാതാപിതാക്കളുടെ കൂടെയാണ് ജീവിക്കുന്നത്.	262220	I live with my parents.
781628	അവൻ ആ മഞ്ഞ വീട്ടിലാണ് താമസിക്കുന്നത്.	294169	He lives in that yellow house.
781629	എനിക്ക് രണ്ട് ക്യാമറകളുണ്ട്.	253340	I have two cameras.
781630	അവൻ ഈ കലാലയത്തിലെ വിദ്യാർത്ഥിയാണ്.	289933	He's a student at this college.
781631	അവൾ വയലിൻ വായിച്ചു.	311946	She played on the violin.
781632	സാൻ ഫ്രാൻസിസ്കോയ്ക്ക് ന്യൂ യോർക്കിന്റെ ജനസംഖ്യയുടെ പത്തിലൊന്ന് മാത്രമേയുള്ളൂ.	53916	San Francisco is only one-tenth as populous as New York.
781633	മഞ്ഞ് കാരണമാണ് സ്കൂൾ അടച്ചത്.	21565	The school's closure was due to the snow.
781634	ഒരു വലിയ നഗരത്തിൽ ജീവിക്കാൻ എനിക്ക് ഒരാഗ്രഹവുമില്ല.	682455	I have no wish to live in a large city.
781635	നീ അത് തീർത്തോ?	16546	Have you finished it?
781636	ഞാൻ അവളുടെ ഫോൺ നമ്പർ എഴുതിയെടുത്തു.	261298	I wrote down her phone number.
781637	ആ വാതിൽ തനിയെ തുറുന്നു.	50210	The door opened of itself.
781638	എല്ലാം നമ്മുടെ തെറ്റാണ്.	42736	It was all our fault.
781639	അവന് എഴുപത് കിലോ ഭാരമുണ്ട്.	435040	He weighs 70 kilos.
781641	അവൻ ക്ലാസ് മുറിയിലേക്ക് ഓടി.	295363	He ran into the classroom.
781642	ഈ കടയിലെ എറ്റവും മികച്ച ക്യാമറ ഇതാണ്.	56166	This is the best camera in the store.
781643	ഞായറാഴ്ച വൈകുന്നേരം നിനക്ക് വരാൻ പറ്റുമോ?	281860	Can you come on Sunday evening?
781644	നാളെ ഇതേ സമയത്ത് മഴ പെയ്യുകയായിരിക്കും.	323167	It will be raining at this time tomorrow.
781645	ഞാൻ ഇംഗ്ലീഷ് പഠിപ്പിക്കുന്നു.	436979	I teach English.
781647	അവൾ പോകുന്നില്ല എന്ന് തീരുമാനിച്ചു.	313598	She decided not to go.
781648	ഞങ്ങൾ മുമ്പ് പാരീസിലാണ് ജീവിച്ചിരുന്നത്.	248412	We lived in Paris before.
781649	എനിക്ക് പണമില്ല, പക്ഷേ എനിക്ക് സ്വപ്നങ്ങളുണ്ട്.	453512	I don't have money, but I have dreams.
781650	എനിക്ക് നീന്തൽ വളരെ ഇഷ്ടമാണ്.	256174	I like swimming very much.
781722	അവൾ എന്റെ മൂത്ത സഹോദരിയാണ്.	314333	She is my elder sister.
781723	എന്റെ വീട്ടിൽ നിന്നും നിന്റെ വീട് വരെ രണ്ട് കിലോമീറ്റർ ദൂരമുണ്ട്.	680720	The distance from my home to yours is two kilometers.
784380	അതെനിക്ക് വിട്ടു തരിക.	321442	Leave it to me.
784405	അവനെ സ്വാധീനിക്കുക എന്നുള്ളത് അസാധ്യമാണെന്ന് ഞങ്ങൾ കണ്ടെത്തി.	307875	We found it impossible to persuade him.
784408	ഞാൻ എന്താണ് ചെയ്യേണ്ടത്?	449699	What should I do?
784416	ഇതാണ് ജാക്ക് പണിത വീട്.	55922	This is the house that Jack built.
784419	അവൻ എപ്പോഴും പഠിച്ചു കൊണ്ടിരിക്കും.	289211	He is always studying.
789013	ഞാൻ മനസ്സിലാക്കാൻ തുടങ്ങുന്നു.	29197	I am beginning to understand.
789016	അവർ ഒരേ സമയം ചിരിക്കുകയും കരയുകയും ചെയ്തു.	306874	They laughed and cried at the same time.
789019	വെള്ളമില്ലാതെ ജീവിക്കുന്നത് അസാധ്യമാണ്.	270769	It is impossible to live without water.
789021	അവൻ കുതിരപ്പുറത്ത് നിന്ന് താഴെ വീണു.	302383	He fell off the horse.
789022	കാലാവസ്ഥ എപ്പോഴും മാറിക്കൊണ്ടിരിക്കും.	464470	Weather changes often.
789024	ആരോ എന്റെ ബാഗ് മോഷ്ടിച്ചു.	689932	Someone stole my bag.
789025	ഏതാണ് ആദ്യം വന്നത്, കോഴിയോ അതോ മുട്ടയോ?	623300	Which came first, the chicken or the egg?
789026	ആ വീട്ടിൽ രണ്ട് കുടുംബങ്ങൾ താമസിക്കുന്നു.	68550	Two families live in that house.
789096	നാളെ മഴ പെയ്യുകയാണെങ്കിൽ മത്സരം ഉപേക്ഷിക്കും.	30588	The game will be called off if it rains tomorrow.
789098	നീ ഈ പുസ്തകം അവന് തിരിച്ചു നൽകണം.	16571	You must return the book to him.
789565	എനിക്ക് നിന്നെ ഇഷ്ടമാണ്.	410751	I like you.
789566	എനിക്ക് രണ്ട് സഹോദരന്മാരും ഒരു സഹോദരിയും ഉണ്ട്.	453869	I have two brothers and a sister.
789567	എനിക്ക് ആദ്യം അവനെ തിരിച്ചറിയാൻ കഴിഞ്ഞില്ല.	28963	I couldn't recognize him at first.
789568	അവൻ ഒരു കത്തെഴുതി.	452751	He wrote one letter.
789569	ഈ മേശ തടി കൊണ്ട് ഉണ്ടാക്കിയതാണ്.	60865	This table is made of wood.
789570	അവന്റെ പ്രസംഗത്തിന്റെ ഉള്ളടക്കം വളരെ നല്ലതായിരുന്നു.	285361	The content of his speech was very good.
789584	എനിക്ക് ഒരു പുതിയ സൈക്കിൾ വേണം.	269174	I need a new bicycle.
789585	ഞാൻ ആരാണെന്ന് നിനക്കറിയില്ല.	1762	You don't know who I am.
789586	നീ ഞാൻ പറഞ്ഞത് കേൾക്കണമായിരുന്നു.	1726	You should have listened to me.
789588	ഞാൻ ഇന്ന് മുതൽ പുകവലിക്കില്ല.	542899	I won't smoke from today on.
790023	ആ കാർ എന്റേതാണ്.	68276	That car is mine.
792900	കൊതുകുകൾ കാരണം ഞങ്ങൾക്ക് ജനാല അടയ്ക്കേണ്ടി വന്നു.	464386	We had to shut the window because of the mosquitoes.
792901	എനിക്ക് എന്റെ താക്കോൽ നഷ്ടപ്പെട്ടു.	460058	I lost my key.
792902	അവൾ സ്പൂൺ കൊണ്ട് സൂപ്പ് ഇളക്കി.	311030	She stirred the soup with a spoon.
792906	നീ എങ്ങനെ നിന്റെ അവധിക്കാലം ചെലവഴിച്ചു?	19794	How did you spend your vacation?
794024	ആരാണിത് പൊട്ടിച്ചത്?	54973	Who broke this?
794030	കാൽപ്പന്താണ് എനിക്ക് എറ്റവും ഇഷ്ടമുള്ള കളി.	449651	My favourite sport is football.
794068	ഞങ്ങളുടെ ക്ലാസ്സിൽ നാൽപ്പത് വിദ്യാർത്ഥികളുണ്ട്.	506898	There are forty students in our class.
794069	മഴവില്ലിന് ഏഴ് നിറങ്ങളുണ്ട്.	281035	The rainbow has seven colors.
794072	അവൾ ഒരു ധനികനായ വ്യാപാരിയെ വിവാഹം ചെയ്തു.	313321	She married a rich merchant.
794239	അവൾ ഇപ്പോൾ വീട്ടിൽ നിന്ന് പുറപ്പെട്ടതേ ഉള്ളൂ.	313696	She left home just now.
794240	അവൻ മൂന്ന് മണിക്കൂർ കഴിഞ്ഞ് വീട്ടിൽ തിരിച്ചെത്തി.	288541	He came home three hours later.
794244	ഞാൻ യുദ്ധത്തിനെതിരെയാണ്.	762691	I'm against the war.
794245	ഞാൻ രണ്ട് ദിവസം മുമ്പ് അത് നിനക്ക് അയച്ചു.	680125	I sent it to you two days ago.
794247	ഈ പുസ്തകത്തിൽ കുറെ ചിത്രങ്ങളുണ്ട്.	57085	This book contains many pictures.
798487	ഈ കായലിൽ വളരെയധികം മത്സ്യങ്ങളുണ്ട്.	467691	There are many fish in this lake.
800318	എനിക്ക് ഉറപ്പാണ്.	436433	I am sure.
808261	അത് നിന്റെ കത്തിയല്ല.	42814	That is not your knife.
817283	ഞങ്ങളുടെ കൂടെ വരൂ.	433695	Come along with us.
817283	ഞങ്ങളുടെ കൂടെ വരൂ.	433696	Come with us.
817298	അവൻ ജപ്പാനിലേക്ക് എന്നെങ്കിലും ഒരിക്കൽ തിരിച്ചു പോകും.	289025	He will return to Japan some day.
817302	ആരും മറ്റുള്ളവരെ കുറിച്ച് മോശമായി സംസാരിക്കാൻ പാടില്ല.	274750	One should not speak ill of others.
817304	അവനും ഞാനും അദ്ധ്യാപകരാണ്.	284475	He and I are teachers.
817306	ഞാൻ നാളെ പാരീസിലേക്ക് പുറപ്പെടും.	252662	I leave for Paris tomorrow.
817307	വളരെ തണുപ്പായതിനാൽ ഞാൻ പുറത്തു പോയില്ല.	37812	I didn't go out because it was very cold.
817310	ഈ നിഘണ്ടു എന്റേതല്ല.	750879	This dictionary isn't mine.
818982	നിനക്ക് എന്തു ചെയ്യാനാണ് ഇഷ്ടം.	464544	What do you like to do?
820033	എനിക്ക് ഇന്ന് ഇംഗ്ലീഷ് പഠിക്കാൻ തോന്നുന്നില്ല.	242778	I don't feel like studying English today.
820037	ദൈവത്തിന് മുമ്പിൽ എല്ലാ മനുഷ്യരും തുല്യരാണ്.	51726	All men are equal before God.
820052	അവർ നിനക്ക് വേണ്ടി അത് ചെയ്യാൻ തയ്യാറാണ്.	305468	They are willing to do it for you.
820225	അമ്മയാണ് എന്നെ ഞാനാക്കിയത്.	320782	Mother has made me what I am.
820233	ഇന്ന് സ്വാതന്ത്ര്യദിനമാണ്.	480228	Today is Independence Day.
822223	ഇതൊരു തടിമേശയാണ്.	389014	This is a wooden table.
822224	അവൻ ഇവിടെ മാസത്തിലൊരിക്കൽ വരും.	292565	He comes here once a month.
891371	അത് തൊടരുത്	433652	Don't touch it.
891372	അനുവാദമില്ലാതെ മുറിയിൽ പ്രവേശിക്കരുത്.	525744	Don't enter the room without permission.
924864	അതൊരു ചുവന്ന പേനയാണോ?	756497	Is that a red pen?
950153	അടുത്ത വ്യാഴാഴ്ച ഒരു അവധിദിവസമാണ്.	922251	Next Thursday is a holiday.
950158	ഈ മരം വളരെ പെട്ടെന്ന് വളരും.	43797	The tree grows very quickly.
950161	നിന്റെ സഹോദരനെവിടെയാണ്?	873552	Where is your brother?
1055638	എനിക്ക് അഞ്ച് ദിവസത്തെ സമയം തരൂ.	72493	Give me five days.
1055639	ഞാൻ ഈ തെറ്റിനുള്ള വിശദീകരമണം ആവശ്യപ്പെടുന്നു.	58679	I demand an explanation for this mistake.
1233111	ഇത് തണുത്തതല്ല.	392279	This is not cool.
1233112	അവന്റെ ഇടതുകൈ കൊണ്ട് അവൻ പന്ത് പിടിച്ചു.	296677	He caught the ball with his left hand.
1247012	എന്നെ നാളെ വന്നു കാണൂ.	323473	Come and see me tomorrow.
1776820	എല്ലാവർക്കും തെറ്റുപറ്റും.	354852	Everyone makes mistakes.
1776822	കൊള്ളാം! നിങ്ങൾ ഈ ചിത്രം നന്നായി വരച്ചിട്ടുണ്ട്.	1098783	Well done! You have drawn this picture nicely.
1776823	വെള്ളമല്ലാതെ മറ്റൊന്നും കണ്ടില്ല.	270865	Nothing was to be seen but water.
1776824	എന്തെങ്കിലും കുടിക്കാൻ വേണമോ എന്ന് ടോം മേരിയോട് ചോദിച്ചു.	1029713	Tom asked Mary if she wanted something to drink.
1776825	എന്റെ വസ്ത്രങ്ങൾ അവിടെയാണ്.	1635411	My clothes are there.
1776826	ഞങ്ങൾ നിയമങ്ങൾ അനുസരിച്ചു.	23202	We obeyed the rules.
1776827	ഗോൾഡൻ ഗേറ്റ് ബ്രിഡ്ജിന്റെ നീളം എത്രയാണ്?	18489	How long is the Golden Gate Bridge?
1776829	അതൊരു വയസ്സായ സ്ത്രീയുടെ ശബ്ദമാണ്.	1125171	It's the voice of an old woman.
1776830	ഇങ്ങനെയാണ് ആ അപകടം നടന്നത്.	60391	This is how the accident happened.
1776831	മൂന്ന് ലക്ഷം യെൻ ആണ് എന്റെ പ്രതിമാസ ശമ്പളം.	1152403	My monthly salary is 300,000 yen.
1776832	നിനക്ക് ടെന്നീസ് കളിക്കാൻ ഇഷ്ടമാണോ?	39404	Aren't you fond of playing tennis?
1776833	അലൻ ഒരു കവിയാണ്.	607736	Alan is a poet.
1776834	ടോം മാംസവും മുട്ടയും കഴിക്കാറില്ല.	1026197	Tom doesn't eat meat or eggs.
1776835	നൂറ് വരെ എണ്ണൂ.	1624935	Count to one hundred.
1776837	അവൻ ഇപ്പോൾ ഒരു പുസ്തകം എഴുതുകയാണ്.	296637	He's writing a book now.
1776838	ദയവായി ഇവിടെ കാത്തിരിക്കൂ.	61875	Please wait here.
1776839	ഇതെന്റെ നായയാണ്.	983943	This dog is mine.
1776840	എന്റെ മാതാപിതാക്കൾ രണ്ടുപേരും ഇപ്പോൾ വീട്ടിലുണ്ട്.	252088	Both my parents are at home now.
1776841	എത്ര മണിക്കാണ് അപകടം നടന്നതെന്ന് നിനക്കറിയാമോ?	68313	Do you know what time that accident happened?
1776842	നീ ഇന്നലെ സ്കൂളിൽ പോയോ?	69389	Did you go to school yesterday?
1776843	എന്റെ വീട്ടിൽ നിന്ന് ഇറങ്ങിപ്പോകൂ!	1224050	Get out of my house!
1776844	എന്റെ വാക്കുകൾ തെറ്റിദ്ധരിക്കരുത്.	1311889	Don't misunderstand my words.
1776845	നമുക്ക് ക്ഷമിക്കാനാകും, പക്ഷേ മറക്കാൻ അസാധ്യമാണ്.	1303184	We can forgive, but forgetting, it's impossible.
1776846	ആ പൂച്ച എന്റെ കൈയിൽ മാന്തി.	282056	The cat scratched my hand.
1776849	ഞാൻ ഒരു അമേരിക്കക്കാരനല്ല.	831636	I'm not an American.
1776851	ഞാൻ ചിലപ്പോൾ അത്താഴം പാകം ചെയ്യും.	258163	I sometimes cook dinner.
1776852	പഞ്ചസാര വെള്ളത്തിൽ അലിയുന്നു.	243599	Sugar dissolves in water.
1776854	ഈ അയൽപ്പക്കത്തെ ഏറ്റവും വലിയ വീടാണത്.	1611164	It's the biggest house in the neighborhood.
1778131	ഞാൻ ഒരു ഡോക്ടറാണെന്ന് അവൾ വിചാരിച്ചിരുന്നു.	492633	She thought that I was a doctor.
1778132	എന്റെ സഹോദരൻ ഒരിക്കലും ഫുജി കൊടുമുടി കീഴടക്കിയിട്ടില്ല.	251523	My brother has never climbed Mt Fuji.
1778133	അവളുടെ അച്ഛൻ മരിച്ചു.	874943	Her father died.
1778134	ഈ ക്ലാസ്സിൽ നാല്പത് കുട്ടികളാണുള്ളത്.	61184	This class consists of forty pupils.
1778135	അടുത്ത ഞായറാഴ്ച നീ എന്റെ വീട്ടിലേക്ക് വരില്ലേ?	242334	Won't you come to my house next Sunday?
1778136	അതൊരു ഹിന്ദി ചലച്ചിത്രമാണ്.	1663115	It's a Hindi movie.
1778137	ഞാൻ അവരോട് മുറി വിട്ട് പോകാൻ കല്പിച്ചു.	260844	I ordered them to leave the room.
1778138	ഞാൻ തിരിച്ചുവരും.	261982	I'll come back.
1783285	ഈ രണ്ട് ചിത്രങ്ങൾ തമ്മിലുള്ള വ്യത്യാസം നീ കണ്ടുപിടിച്ചോ?	406243	Did you find the difference between these two photos?
1915913	അവൻ എന്നോട് നൃത്തം ചെയ്യാൻ ആവശ്യപ്പെട്ടു.	1745630	He asked me to dance.
1915915	അവന് എന്റെ ഇരട്ടി പ്രായമുണ്ട്.	288157	He is twice as old as I.
2186763	രണ്ടു തവണ അളക്കൂ, ഒരു തവണ മുറിക്കൂ.	1495693	Measure twice, cut once.
2186777	മഴ പെയ്തില്ലായിരുന്നെങ്കില്‍ ഞാന്‍ വന്നേനെ.	2186518	I should have come if it hadn't rained.
2186944	അതുപോലൊരു അപകടം വീണ്ടും ഉണ്ടാകാന്‍ സാധ്യത ഉണ്ട് .	51214	Such an accident is likely to happen again.
2186960	കേള്‍വിക്കാര്‍ അവനെ കൈകൊട്ടി അഭിനന്ദിച്ചു, അതായതു അവന്റെ പ്രകടനം വിജയിച്ചു.	277945	The audience applauded him, which means his performance was a success.
2186993	അവള്‍ക്ക് ലോകവിവരം ഇല്ലായിരുന്നു.	315298	She is ignorant of the world.
2187042	അവന്‍ കടല്‍മാര്‍ഗം വന്നു പക്ഷെ വായുമാര്‍ഗം തിരിച്ചുപോയി.	2186908	He arrived by sea but left by air.
2187053	ഇതാണ് ഫിന്ലാണ്ടിലെ ഏറ്റവും വലിയ വൈദ്യുതിനിലയം.	2186880	This is Finland's biggest power station of all.
2187058	ചോദ്യങ്ങള്‍ ഇതുവരെ ആരെയും വേദനിപ്പിച്ചിട്ടില്ല.	2186856	Questions never hurt anyone.
2187059	ഞാന്‍ ആറു മണിയോട് അടുപ്പിച്ചു വന്നു.	2186522	I came at about six.
2187064	ജോലി കഴിയുന്നതിനു മുന്‍പേ എനിക്ക് പോകണമെന്നില്ല.	2186513	I didn't want to leave before the work was completed.
2187079	ഇപ്പോള്‍ എനിക്ക് എന്ത് വേണമെന്ന് എനിക്കറിയില്ല.	2186494	I don't know what I want right now.
2187080	ഇത് നല്ല മാംസം ആണ് .	57556	This is good meat.
2187083	എനിക്ക് സ്ത്രീകളെ ഇഷ്ടമാണ് .	2186489	I love a woman.
2187089	നമ്മള്‍ തമ്മില്‍ സംസാരിക്കണം എന്ന് ഞാന്‍ വിചാരിക്കുന്നു.	2186487	I think we should talk.
2187093	ആരെ ആണ് നിങ്ങള്‍ വിശ്വസിപ്പിക്കാന്‍ ശ്രമിക്കുന്നത് ?	2186473	Who are you trying to convince?
2187179	എന്നാല്‍ ചെയ്യാന്‍ കഴിയുന്നതൊക്കെ ഞാന്‍ ചെയ്യും.	244079	I will do my best.
2187322	നിങ്ങള്‍ തെറ്റിദ്ധരിച്ചു.	2187275	You've misunderstood.
2187323	നിങ്ങള്‍ പരാജയപ്പെട്ടു.	2187274	You've failed.
2187325	ടോം മനസിലാക്കി.	2187273	Tom understood.
2187326	ടോം നിലവിളിച്ചു.	2187272	Tom screamed.
2187328	അത് വിവേകപരം ആണ് .	2187271	That's wise.
2187343	അത് അസത്യമാണ് .	2187269	That's untrue.
2187346	അത് അവളുടെതാണ് .	2187267	That's hers.
2187349	അത് അവന്റേതാണ് .	2187266	That's his.
2187350	അത് ടോമിന്റെതാണ് .	2187265	That's Tom's.
2187352	അത് അവളാണ് .	2187264	That's her.
2187353	അത് അവനാണ് .	2187263	That's him.
2187354	അത് പര്യാപ്തമാണ് .	2187262	That's sufficient.
2187358	അത് പരിഹാസ്യമാണ് .	2187261	That's ludicrous.
2187366	അത് മനോഹരമാണ് .	2187260	That's lovely.
2187369	അത് യുക്തിസഹമാണ്.	2187259	That's logical.
2187372	അത് വിനോദമാണ്‌ .	2187258	That's fun.
2187375	അത് മണ്ടത്തരമാണ് .	2187257	That's foolish.
2187377	അത് സ്പഷ്ടമാണ് .	2187256	That's evident.
2187381	അത് സംശയകരമാണ് .	2187255	That's doubtful.
2187383	അത് ശരിതന്നെ.	2187254	That's alright.
2187388	അത് അംഗീകരിക്കാവുന്നതാണ് .	2187253	That's acceptable.
2187392	പതുക്കെ ചെയ്യൂ.	2187252	Slow down.
2187400	കുറ്റം പറയുന്നത് നിര്‍ത്തു.	2187251	Quit complaining.
2187403	ശ്രദ്ധാപൂര്‍വ്വം കേള്‍ക്കു.	2187250	Listen closely.
2187404	നമുക്ക് പ്രാര്‍ത്ഥിക്കാം.	2187249	Let's pray.
2187405	ഇത് നിങ്ങളുടെതാണ്.	2187248	It's yours.
2187427	നമുക്കിവിടെ ബേസ് ബോള്‍ കളിയ്ക്കാന്‍ സാധിക്കില്ല.	61924	We cannot play baseball here.
2188414	ഞാന്‍ ചെയ്തു കഴിഞ്ഞിരിക്കുന്നു.	1308819	I'm already done.
2188415	പുഷ്പം വസന്തത്തിന്റെ തുടക്കത്തില്‍ ആണ് വിരിയുന്നത് .	49206	The flower comes out in early spring.
2188416	കാര്‍ അവരുടേതാണോ എന്ന് ഒരു പോലീസുകാരന്‍ പെണ്‍കുട്ടികളോട് ചോദിച്ചു.	825472	A policeman asked the girls if the car was theirs.
2188418	നാളെ നമ്മള്‍ ശത്രുക്കളുമായി ഏറ്റുമുട്ടും.	323395	Tomorrow we will encounter the enemy.
2188419	അവന്‍ എല്ലാദിവസവും ഇവിടെ വരാറില്ല.	303894	He does not come here every day.
2188420	ജാപനീസ് ഗൃഹങ്ങളില്‍ നിങ്ങളുടെ പാദരക്ഷകള്‍ അഴിക്കുക.	281343	Remove your shoes in a Japanese house.
2188421	ടാക്സി വാടക അടുത്ത മാസം കൂടും.	325028	Taxi fares will go up next month.
2188422	ഞങ്ങള്‍ ആറ് വര്ഷം ഒസകയില്‍ താമസിച്ചിരുന്നു.	262680	We have lived in Osaka six years.
2188424	സഞ്ചി എനിക്ക് വഹിക്കാന്‍ കഴിയുന്നതിനെക്കാള്‍ ഭാരമേറിയതായിരുന്നു.	48892	The bag was too heavy for me to carry by myself.
2188426	രണ്ടു കാര്യങ്ങള്‍ ഒരേസമയം ചെയ്യാന്‍ ശ്രമിക്കരുത് .	27468	Don't attempt two things at a time.
2188427	എല്ലാവര്‍ക്കും തങ്ങളുടെതായ ശക്തിയും ദൗര്‍ബല്യങ്ങളും ഉണ്ട് .	276472	Everyone has their own strong and weak points.
2188428	ഞാന്‍ സന്തോഷത്തോടെ നിങ്ങളെ സഹായിക്കാം.	20664	I will gladly help you.
2188429	ഞാന്‍ ആ കത്ത് എഴുതാം എന്ന് സമ്മതിച്ചു.	1798945	I agreed to write that letter.
2188437	ഞാന്‍ ശരിക്കും തളര്‍ന്നു.	433727	I'm really tired.
2188439	നിങ്ങള്‍ ഏതു വര്‍ഷം ആണ് ജനിച്ചത്‌ ?	509620	What year were you born?
2188444	എനിക്ക് വാക്ക് എങ്ങനെ സ്പെല്ല് ചെയ്യണം എന്ന് അറിയില്ല.	254335	I don't know how to spell the word.
2188445	ലണ്ടന്‍ പല തവണ ബോംബ്‌ ചെയ്യപ്പെട്ടു.	29267	London was bombed several times.
2188446	ഇത് എല്ലാവരാലും എളുപ്പത്തില്‍ മനസിലാക്കപ്പെടാന്‍ കഴിയുന്നതല്ല.	51738	It is not easy to be understood by everybody.
2188684	അവന്‍ ദയയില്ലാത്തവന്‍ ആണ്.	2188430	He's ruthless.
2188685	അവള്‍ ദയയില്ലാത്തവള്‍ ആണ്.	2188431	She's ruthless.
2188687	അവള്‍ നല്ല ഒരു പാചകക്കാരി ആണെന്ന് തോന്നുന്നു.	2188385	She seems to be a good cook.
2193214	ചിന്തയുടെ കാട്ടുതീയില്‍, ആത്മനാശത്തിന്റെ ഒരു അംശം ഉണ്ട് .	2188694	In the wild fire of thought, there is an element of the destruction of the self.
2193220	അവന്‍ അത്യാഗ്രഹിയും ദയാരഹിതനും ആണ്.	1879784	He's greedy and ruthless.
2193223	ക്രിസ്തുമസ് ആശംസകള്‍.	1723	Merry Christmas!
2193226	എനിക്ക് മൂന്നു ഭാഷകള്‍ സംസാരിക്കാന്‍ കഴിഞ്ഞിരുന്നെങ്ങില്‍ നന്നായിരുന്നു.	2054058	It would be cool if I could speak three languages.
2226812	ഞാന്‍ എന്റെ നാവ് കടിച്ചു.	2226329	I bit my tongue.
2226814	അവന്‍ മലര്‍ന്നു കിടന്നു.	2225733	He lay down on his back.
2226820	ടോം വ്യാപാരത്തില്‍ എന്നേക്കാള്‍ അനുഭവജ്ഞന്‍ ആണ്.	2225524	Tom is more experienced in business than me.
2226828	അത് എന്നെ വളരെ സന്തോഷവാനാക്കി.	2225432	It made me very happy.
2226833	പഞ്ചസാര വെള്ളത്തില്‍ ലയിക്കും.	2225415	Sugar is soluble in water.
2226837	തീവ്രവാദികള്‍ ഒരു പള്ളി ആക്രമിച്ചു.	2225251	The terrorists attacked a mosque.
2226843	ഞാന്‍ ഒരു പുതിയ വിദ്യാര്‍ഥി ആണ്.	424866	I'm a new student.
2226846	ഇത് ശരിയായിരിക്കാം.	2224578	This may be correct.
2226848	മേരി അതീവ സുന്ദരി ആണ് .	2224009	Mary is quite attractive.
2279018	എന്താണ് നിങ്ങളുടെ ഇഷ്ടപ്പെട്ട നാടന്‍ ബിയര്‍?	906744	What's your favorite domestic beer?
2279026	നമുക്ക് ഒഴുക്കിനെതിരായി നീന്താന്‍ ശ്രമിക്കാം.	1723925	Let us try to swim against the current.
2279138	ടോം ചിരിച്ചു.	2111172	Tom giggled.
2279139	എനിക്ക് ബോസ്ടനിലേക്ക് തിരിച്ചു വരണം.	2033388	I want to be back in Boston.
2296436	ഞാന്‍ ടോമിനെ വെറുക്കുന്നു.	1392718	I hate Tom.
2296440	ആരാണ് നമ്മളെ ചതിച്ചത്?	2296177	Who betrayed us?
2296443	ടോം അര്‍ത്ഥമാക്കിയത് എന്താണ്?	1841429	What does Tom mean?
2296454	ഇത് ഞങ്ങളുടെ ബാഗ്‌ ആണ്.	2295735	This is our bag.
2296456	ഇത് ഞങ്ങളുടെതാണ്.	2295681	This is ours.
2296459	സത്യം പറയുന്ന ഒരു മനുഷ്യന് വേഗതയുള്ള ഒരു കുതിര ആവശ്യമാണ്.	2295644	A man who speaks the truth needs a fast horse.
2296462	അവന്‍ ധാരാളം സംസാരിക്കാറുണ്ട്.	2295540	He talks a lot.
2296464	അവന്‍ നിന്റെ അച്ഛന്‍ അല്ല.	2862895	He is not your father.
2296464	അവന്‍ നിന്റെ അച്ഛന്‍ അല്ല.	2862896	He is not your dad.
2296465	ഇത് ഒരു ത്രികോണം ആണ്.	2294789	This is a triangle.
2296468	ഞാന്‍ നിലം ഉഴുതു.	2294641	I plowed the field.
2296483	ഞാന്‍ ഒരു സ്ത്രീരോഗ വിദഗ്ധന്‍ ആണ്.	2302420	I'm a gynaecologist.
2296491	ഈ വെള്ളം മണമില്ലാത്തത് ആണ്.	2302415	This water is odourless.
2296493	അലൂമിനിയം ഒരു ലോഹം ആണ്.	2302306	Aluminium is a metal.
2296503	എനിക്ക് ഇവിടെ ജീവിക്കാന്‍ ആഗ്രഹമുണ്ട്.	2302407	I want to live here.
2296506	എനിക്ക് ഒരു കോഫി വേണം.	2302296	I want a coffee.
2296514	നിങ്ങള്‍ എന്നെ അന്വേഷിക്കുകയായിരുന്നു എന്ന് ഞാന്‍ വിശ്വസിക്കുന്നു.	2294065	I believe you've been looking for me.
2296515	നിങ്ങള്ക്ക് ടോമിനെ അറിയാം എന്ന് ഞാന്‍ വിചാരിക്കുന്നു.	2294062	I think you know Tom.
2296516	നിങ്ങള്‍ക്ക് ടോമിനെ അറിയാം എന്ന് ഞാന്‍ വിശ്വസിക്കുന്നു.	2294061	I believe you know Tom.
2296520	നിങ്ങള്‍ക്ക് നിയമങ്ങള്‍ അറിയാം എന്ന് ഞാന്‍ വിചാരിക്കുന്നു.	2294060	I think you know the rules.
2296523	നിങ്ങള്‍ക്ക് നിയമങ്ങള്‍ അറിയാം എന്ന് ഞാന്‍ വിശ്വസിക്കുന്നു.	2294059	I believe you know the rules.
2296526	നിങ്ങള്‍ക്ക് ഞങ്ങളെ സഹായിക്കാന്‍ കഴിയും എന്ന് ഞാന്‍ വിചാരിക്കുന്നു.	2294058	I think you can help us.
2300991	അടുത്ത പോപ്പ് ആരായിരിക്കും?	2300828	Who will be the next pope?
2300993	പൂച്ച എലിയെ പിടിച്ചു.	2300762	The cat caught the mouse.
2300995	നിങ്ങളുടെ വേദനക്ക് എനിക്ക് എന്തെങ്ങിലും തരാന്‍ കഴിയും.	2300739	I can give you something for your pain.
2300996	എനിക്ക് നിങ്ങള്‍ക്ക് കുറച്ചു ആവശ്യകരമായ ഇന്‍ഫര്‍മേഷന്‍ തരാം കഴിയും.	2300738	I can give you some useful information.
2300997	എനിക്ക് നിങ്ങള്ക്ക് ആവശ്യമെങ്കില്‍ കുറച്ചു പൈസ തരാന്‍ കഴിയും.	2300737	I can give you some money if you need it.
2300998	എനിക്ക് നിങ്ങള്‍ക്ക് കുറച്ചു വേദനയ്ക്കുള്ള മരുന്ന് തരാന്‍ കഴിയും.	2300736	I can give you some medicine for the pain.
2300999	എനിക്ക് നിങ്ങള്‍ക്ക് ലിഫ്റ്റ്‌ തരാന്‍ കഴിയും.	2300734	I can give you a lift.
2301001	എനിക്ക് നിങ്ങള്‍ക്ക് ടൌണിലേക്ക് ഒരു ലിഫ്റ്റ്‌ തരാന്‍ കഴിയും.	2300733	I can give you a lift into town.
2301003	എനിക്ക് ടോമിന് ഒരു മെസ്സേജ് കൊടുക്കാന്‍ കഴിയും.	2300732	I can give Tom a message.
2301005	എനിക്ക് ഇത് ഇപ്പോള്‍ തന്നെ നിങ്ങള്ക്ക് നല്കാന്‍ കഴിയും.	2300731	I can give it to you right now.
2301006	എനിക്ക് ഇത് പ്രയോഗിച്ചു നോക്കാന്‍ കഴിയും.	2300729	I can give it a shot.
2301006	എനിക്ക് ഇത് പ്രയോഗിച്ചു നോക്കാന്‍ കഴിയും.	2300730	I can give it a try.
2301008	എനിക്ക് നിങ്ങളെ ജയിലില്‍ നിന്നും പുറത്തിറക്കാന്‍ കഴിയും.	2300728	I can get you out of prison.
2301011	നിങ്ങള്‍ക്ക് ഇഷ്ടമാണെങ്കില്‍ ഇതുപോലൊരെണ്ണം തരാന്‍ കഴിയും.	2300727	I can get you one if you like.
2301014	എനിക്ക് ഇനിയും നിങ്ങള്‍ക്ക് തരാന്‍ കഴിയും.	2300726	I can get you more.
2301017	എനിക്ക് നിങ്ങളെ ജോലിയില്‍ നിന്നും പുറതാക്കിപ്പിക്കാന്‍ കഴിയും.	2300725	I can get you fired.
2301020	നിങ്ങള്‍ക്ക് ആവശ്യമായതെല്ലാം നല്കാന്‍ എനിക്ക് കഴിയും.	2300724	I can get you everything you need.
2727612	നിങ്ങൾ ടോമിനെക്കാൾ സമർത്ഥനാണ്.	1895573	You're smarter than Tom is.
2727625	നിങ്ങൾ ബാങ്ക് കൊള്ളയടിക്കുമ്പോൾ, നിങ്ങൾ ജയിലിൽ അടയ്ക്കപ്പെടുന്നു. ഒരു ബാങ്ക് നിങ്ങളെ കൊള്ളയടിക്കുമ്പോൾ, അവർ ലാഭവിഹിതങ്ങൾ വിതരണം ചെയ്യുന്നു.	1358549	Of course it's her.
2727625	നിങ്ങൾ ബാങ്ക് കൊള്ളയടിക്കുമ്പോൾ, നിങ്ങൾ ജയിലിൽ അടയ്ക്കപ്പെടുന്നു. ഒരു ബാങ്ക് നിങ്ങളെ കൊള്ളയടിക്കുമ്പോൾ, അവർ ലാഭവിഹിതങ്ങൾ വിതരണം ചെയ്യുന്നു.	1762010	When you rob a bank, you go to jail. When a bank robs you, they hand out bonuses.
2727630	തീര്‍ച്ചയായും അത് അവൾ തന്നെ ആണ്.	1358549	Of course it's her.
2727631	മധുരപലഹാരം മേശക്കു കീഴിൽ ഉണ്ട്.	63007	Cookie is under the table.
2727632	ഈ പർവത പാത മനോഹരമായ തടാകത്തിനടുത്തേക്ക് കയറിച്ചെല്ലുന്നു.	59174	This mountain path ascends to the beautiful lake.
2727633	അവൻ വൈദ്യശാസ്ത്രത്തിനുവേണ്ടി അവന്റെ ജീവിതം സമർപ്പിച്ചു.	293650	He dedicated his life to medical work.
2727634	ടോം പേജ് മറിച്ചു.	2548066	Tom turned the page.
2727635	നിങ്ങൾ വീട്ടിലേക്കു പോകണം എന്ന് ഞാൻ കരുതുന്നു.	2458492	I think you should go home.
2727646	അവൻ ചെയ്തത് എന്താണോ അത് തെറ്റല്ല.	465974	What he did wasn't wrong.
2730709	അവൾ ഒരു വിദ്യാർത്ഥിനി അല്ല.	2730661	She is not a student.
2730711	അവൻ ഒരു വിദ്യാർത്ഥി അല്ല.	2730657	He is not a student.
2730712	ഞാൻ ഒരു എഞ്ചിനീയർ ആണ്.	2730653	I am an engineer.
2730713	എൻറെ പേര് ജാക്ക് എന്നാണ്.	1646	My name is Jack.
2730715	എനിക്ക് ഇത് വായിക്കാൻ കഴിയുന്നില്ല.	1954727	I can't read this.
2730719	എൻറെ വർത്തമാനപത്രം എവിടെയാണ്.	1963344	Where is my newspaper?
2730720	എൻറെ ഡയറി എവിടെയാണ്.	2730409	Where is my diary?
2730721	മണ്ടത്തരത്തിന് പരിധികളില്ല.	2730212	Ignorance has no limits.
2730722	തീർച്ചയായും ഞാൻ അവളെ സ്നേഹിക്കുന്നു.	2730079	Of course I love her!
2730723	ഞാൻ എൻറെ അവസാന പരീക്ഷ എഴുതുക ആണ്.	2730041	I am taking my final exam.
2730726	മാരിയോ എന്നോട് കളവു പറഞ്ഞതിനാൽ, മേലിൽ അവനോടു ഞാൻ സംസാരിക്കുകയില്ല.	2303	Since Mario lied to me, I don't speak to him anymore.
2730729	ഞാൻ എന്റെ മേലധികാരിയോട് ശമ്പളം കൂട്ടി ചോദിച്ചു.	258384	I asked my boss for a pay increase.
2730730	മേരി നല്ലൊരു പാചകക്കാരി അല്ലെന്നു ടോം കരുതി.	2309391	Tom thought Mary wasn't a very good cook.
2730732	ഒരു മിനുട്ടിനകം ഡോക്ടർ ഇവിടെ എത്തും.	954343	The doctor will be here in a minute.
2730733	അവൻ എന്തായാലും ചെയ്തു.	2556255	He did it anyway.
2730735	എല്ലാം ഒഴുകുന്നു, ഒന്നും നിശ്ചലമായി നില്ക്കുന്നില്ല.	907671	Everything flows, nothing stands still.
2730736	അത് എന്റേതല്ലേ?	2248691	Isn't that mine?
2730737	അപ്പോൾ നിങ്ങൾ മാഡ്രിഡിൽ ആയിരുന്നു എന്നത് ശരിയാണോ?	1728477	Is it true that you were in Madrid then?
2740596	മനുഷ്യന്‍, ഒരേസമയം, ഏകാന്ത ജീവിയും സാമൂഹ്യജീവിയുമാണ്.	2740594	Man is, at one and the same time, a solitary being and a social being.
2740598	സാമൂഹ്യജീവിയെന്ന നിലയില്‍ സഹജീവികളുടെ സ്നേഹത്തിനും അംഗീകാരത്തിനും വേണ്ടി ശ്രമിക്കുകയും അവരുടെ നൊമ്പരങ്ങളും സന്തോഷങ്ങളും പങ്കുവെയ്ക്കുകയും ചെയ്യുന്നു.	2740597	As a social being, he seeks to gain the recognition and affection of his fellow human beings, to share in their pleasures, to comfort them in their sorrows, and to improve their conditions of life.
2740601	നിലവിലുള്ള മുതലാളിത്ത സമൂഹത്തിന്റെ സാമ്പത്തിക സാമൂഹ്യ അരാജകത്വമാണ് പ്രധാന പ്രതിയെന്ന് ഞാന്‍ കരുതുന്നു.	2740600	The economic anarchy of capitalist society as it exists today is, in my opinion, the real source of the evil.
2741031	എനിക്ക് വിശക്കുന്നു എന്ന് അവളോട്‌ പറയു.	1741638	Tell her that I am hungry.
2741032	ഭൂമി ഉരുണ്ടതാണ്.	277121	The earth is round.
2741033	ഭൂമി ഉരുണ്ടത്‌ ആണ്.	277121	The earth is round.
2741034	നിങ്ങൾ എന്താണ് അന്വേഷിക്കുന്നത് എന്ന് എനിക്ക് അറിയില്ല.	2315303	I don't know what you're looking for.
2741035	അവൾ മരിച്ചിട്ട് പത്ത് വർഷങ്ങൾ ആയി.	308309	She has been dead for ten years.
2792789	അവൾ അവനെ ശാസിച്ചു.	887375	She scolded him.
2792805	ടോമും ഞാനും കഴിഞ്ഞയാഴ്ച വളരെ തിരക്കിലായിരുന്നു.	2641712	Tom and I were very busy last week.
2792810	ടോമിന്റെ കുടുംബത്തെപ്പറ്റി നിനക്കെന്തെങ്കിലും അറിയാമോ?	1552460	Do you know anything about Tom's family?
2792813	ടോമിന് ഒരു സഹായവും ആവശ്യമില്ലായിരുന്നു.	1094681	Tom didn't need any help.
2792815	ആരും എന്നോടൊന്നും പറയാറില്ല.	1635590	Nobody tells me anything.
2792816	അവർ താമസിക്കാനായി ഒരു വീടു നോക്കിക്കൊണ്ടിരിക്കുകയാണ്.	306840	They are looking for a house to live in.
2792818	നമ്മൾ ഭൂമിയിൽ ജീവിക്കുന്നു.	249064	We live on the earth.
2792821	ആരെയും വിശ്വസിക്കരുത്.	2091089	Trust no one.
2792823	കുട്ടികളുടെ എണ്ണം കുറഞ്ഞുവരികയാണ്.	1313722	The number of students is dropping.
2792826	പൂന്തോട്ടത്തിൽ പ്രവേശിക്കാൻ അവർ നമ്മളെ അനുവദിക്കില്ല.	306651	They won't allow us to enter the garden.
2792851	നമുക്കു വളരെക്കുറച്ചു സമയം മാത്രമേയുള്ളൂ.	2545078	We have very little time.
2792853	അപകടങ്ങൾ സംഭവിക്കുന്നു.	1600344	Accidents happen.
2862866	വളരെ നാളായല്ലൊ കണ്ടിട്ട്	2862869	I have not seen you for a long time.
2862866	വളരെ നാളായല്ലൊ കണ്ടിട്ട്	2862873	Long time no see.
2862884	നിങ്ങള്‍ മലയാളം സംസാരിക്കുമോ?	2862885	Do you speak Malayalam?
3178043	അവൾ സുന്ദരിയാണ്‌.	410244	She is beautiful.
3367791	നിങ്ങൾ എന്തിന് ഇതു ചെയ്യുന്നു?	3367754	Why are you doing this?
3367807	ഞാൻ ടോം'ഇനെ കഴിഞ്ഞ തിങ്കളാഴ്ച പാർകിൽ വെച്ച് മെരിയുടെ കു‌ടെ നടകുന്നത് കണ്ടു	3367765	I saw Tom last Monday walking in the park with Mary.
3574833	അവർ നമ്മളെ കണ്ടിട്ടുണ്ടാവുമോ?	2995279	Have they seen us?
3574836	ടോം നേരെ ഉറങ്ങാൻ പോയി.	1092292	Tom went straight to bed.
3712120	അഭയാര്‍ത്ഥികളെ സഹായിക്കുവാനുള്ള പണത്തിനായി അവര്‍ അപേക്ഷിക്കുകയാണ്.	307267	They are appealing for money to help refugees.
3712126	രണ്ടുപേരും ദയാലുക്കളും ആത്മാര്‍ത്ഥതയുള്ളവരുമാണ്.	307270	Both of them are kind and honest.
3712127	അവര്‍ ഒരിക്കലും കണ്ടുമുട്ടുമായിരുന്നില്ല.	307271	They would never meet again.
3712128	അവര്‍ ജപ്പാനില്‍ സ്ഥിരതാമസമാക്കി.	307279	They settled in Japan.
3712135	കാറ് തണലില്‍ നിര്‍ത്തൂ.	3259601	Park the car in the shade.
3712137	ആ സ്വര്‍ണമോതിരം എന്റെ അമ്മയുടേതാണ്.	3259605	That gold ring belonged to my mother.
3712142	അവര്‍ പരസ്പരം വെറുത്തു.	280931	They hated each other.
3714396	എന്റെ പേര് എമിലി.	2566189	My name is Emily.
3715623	കടലിൽ ദ്വീപുകൽ ഉണ്ട്.	3663249	There are islands in the sea.
3885680	ഇന്ന് ലോകത്തിലെ ഏറ്റവു ഉയരം കൂടിയ കെട്ടിടം ബുർജ് ഖലീഫ ആണ്.	1577672	Burj Khalifa is currently the tallest building in the world.
3944132	ഞാൻ കേൾക്കാൻ ആഗ്രഹിക്കുന്ന വാക്കുകൾ കൊണ്ട് ഞാൻ എപ്പോഴും ജനങ്ങളെ ആശ്വസിപ്പിക്കാൻ ശ്രമിക്കുന്നു	3944112	I always find myself comforting people with the words I want to hear.
3964449	ബുർജ് ഖലീഫ നിലവിൽ ലോകത്തിലെ ഏറ്റവും ഉയരുമുള്ള കെട്ടിടം ആണ്.	1399479	Burj Khalifa is currently the tallest skyscraper in the world.
3885680	ഇന്ന് ലോകത്തിലെ ഏറ്റവു ഉയരം കൂടിയ കെട്ടിടം ബുർജ് ഖലീഫ ആണ്.	1399479	Burj Khalifa is currently the tallest skyscraper in the world.
4546232	സമയം എന്തായി?	428402	What time is it?
3665570	നിങ്ങൾ ആരാണ്?	356200	Who are you?
651913	നമസ്കാരം.	1858850	Hello.
5494132	സമയം എത്രയായി?	1259876	What is the time?
5494134	അവരെക്കൊണ്ട് ഇപ്പോൾ ഉപയോഗമില്ല.	2243698	They're useless now.
5494136	ഞാൻ ഇപ്പോൾ തിരിച്ച് എത്തിയതേയുള്ളൂ.	2362200	I just got back.
5494139	എന്റെ പേര് എമിലി എന്നാണ്.	2566189	My name is Emily.
5494542	ഞാൻ നിന്നെ വിശ്വസിക്കുന്നു.	17421	I believe you.
5494545	നിനക്ക് ഓർമ്മയുണ്ടോ.	21678	Do you remember?
5494550	ഞാൻ ഒരു അമേരിക്കൻ ആണ്.	461975	I am American.
5494553	പകുതി എനിക്ക് തരൂ.	2043700	Give me half.
6402551	സുപ്രഭാതം!	329713	Good morning!
3194107	അവൾ വന്നു	6917619	She arrived.
2987838	എനിക്ക് ഒന്നും കേള്കുന്നില്ല	6917622	I cannot hear anything.
2766999	എവിടെ പോകുന്നു	416367	Where are you going?
2296502	അവന്‍ ലെണ്ടനിലേക്ക്‌ ഒരു യാത്ര ആസൂത്രണം ചെയ്തു.	6917624	They are planning a trip to London.
2296508	ഞാന്‍ ഈ ലോകത്തില്‍ ജീവിക്കുന്നു.	6917627	I live in this world.
2296510	വാതില്‍ പൂട്ടിയിരിക്കുന്നു.	1112479	The door is locked.
2296511	എനിക്ക് ഒരു പച്ച കുപ്പായം ഉണ്ട്.	2630819	I have a green shirt.
2296476	എനിക്ക് ഉയരം ഭയമാണ്.	1392418	I am afraid of heights.
2296450	കടല്‍ നീലയാണ്.	2396999	The sea is blue.
2226885	ഇവിടെ പോക്കറ്റടിക്കാരെ സൂക്ഷിക്കുക.	6917634	Be careful of pickpockets here.
2187034	എന്റെ സുഹൃത്ത്‌ ഒരു ഘടികാരം വാങ്ങിച്ചു എന്ന് അവന്‍ പറഞ്ഞു.	6917638	My friend told me he bought a clock.
2073515	നീ എവിടെയായിരുന്നു	16486	Where were you?
1653878	ഞാന്‍ സ്നേഹിക്കുന്ന പോലെ നീയും എന്നെ സ്നേഹിച്ചിരുന്നെങ്കില്‍	6917642	Only if you loved me the way I loved you.
1384735	നീ എവിടുന്നാണ്	370703	Where are you from?
653485	അതിനെപ്പറ്റി തര്‍ക്കിച്ചിട്ട് ഒരു കാര്യവുമില്ല.	7422930	It's no use arguing about it.
716625	ചെയർമാനായി ആരെയാണ് തെരഞ്ഞെടുക്കാൻ പോകുന്നത്?	7712694	Who'll be elected chairman?
653459	നിന്റെ പ്രിയപ്പെട്ട കളിക്കാരനാരാണ്?	4874498	Who's your favorite player?
656101	നമുക്ക് അത് പിന്നെ ചര്‍ച്ച ചെയ്യാം.	2713391	We'll discuss that later.
2187427	നമുക്കിവിടെ ബേസ് ബോള്‍ കളിയ്ക്കാന്‍ സാധിക്കില്ല.	6873440	We can't play baseball here.
7894550	ഇന്ന് തീര്‍ച്ചയായും മഴ പെയ്യും	2267421	It'll surely rain today.
7894551	എനിക്ക് ടോമിനെ കാണേണ്ടതുണ്ട്	2360549	I have to meet Tom.
2186951	അപ്പിള്‍ മരങ്ങള്‍ വിത്തുകളില്‍ നിന്നാണ് വളരുന്നത്‌ എന്ന് എനിക്കറിയില്ലായിരുന്നു.	7894562	I didn't know that apple trees grew from seeds.
3437673	അവിശ്യമായ അടിസ്ഥാന സൌകര്യങ്ങള്‍ ലഭ്യമാണോ	7894563	Are the necessary basic facilities available ?
3043706	പറഞ്ഞു പറ്റിക്കാന്‍ തുടങ്ങിയട്ടു ഇന്നു വര്‍ഷം ഒന്നു	7894564	It has been a year since you started deceiving me.
2187296	ഞാന്‍ അവനെ സന്തോഷിപ്പിക്കാന്‍ ശ്രമിച്ചു, അത് ഞാന്‍ വളരെ വിഷമകരം ആണെന്ന് കണ്ടെത്തി.	7894566	I tried to make him happy, but I found it very difficult to do so.
7895999	"സത്യം പറഞ്ഞാല്‍ എനിക്ക് ഉയരം പേടിയാണ്." "നീ ഒരു പേടിത്തൊണ്ടനാണ്"	1511	"To tell you the truth, I am scared of heights." "You are a coward!"
7896006	ഊണ് കഴിച്ചില്ലായിരുന്നോ ?	68875	Haven't you had your dinner?
7896009	പൂര്‍ണ വാക്യങ്ങളാണ് നമുക്ക് ആവശ്യം.	611372	We want complete sentences.
7896017	തെറ്റില്ലാത്ത വാക്യങ്ങളില്‍ മാറ്റം വരുത്തരുത്. ആവശ്യമെങ്കില്‍, കേട്ടാല്‍ സ്വാഭാവികതയുള്ള മറ്റൊരു വിവര്‍ത്തനം ചേര്‍ക്കാം.	611373	Don't change sentences that are correct. You can, instead, submit natural-sounding alternative translations.
7896021	അഭിനന്ദനങ്ങള്‍	1437	Congratulations!
7896022	തെറ്റ്.	28129	Wrong.
7896024	ഉറക്കെ.	30397	Louder.
7896025	തീര്‍ച്ചയായും.	30542	Definitely!
7896026	ഉറപ്പായും.	30542	Definitely!
7896027	ഏറെക്കുറെ.	31567	Almost.
7896028	ഏകദേശം.	31567	Almost.
7896029	എന്ത്?	36088	What?
7896030	എന്തിനു?	36419	Why?
7896033	എന്തിനുവേണ്ടി ?	36419	Why?
7896035	സ്വാഗതം.	138919	Welcome.
7896036	അവിശ്വസനീയം.	268828	Unbelievable!
7896038	സ്വഭാവികമായും.	279975	Naturally.
7896040	അസംബന്ധം!	282398	Nonsense!
7896041	ശരിക്കും?	373216	Really?
7896042	അത് പൊട്ടി രണ്ടു കഷണമായിപ്പോയി.	7895930	It broke into two pieces.
7896043	പട്ട് വിലപിടിപ്പുള്ളതാണ്.	7895857	Silk is expensive.
7896044	ആ കാര്‍ നന്നാക്കാന്‍ എന്നെക്കൊണ്ട് ഒറ്റയ്ക്ക് പറ്റില്ല.	7895854	I'm not able to fix the car by myself.
7896050	നീയും ടോമും ആദ്യമായി കണ്ടത് ഇവിടെവച്ചാണ്?	7493869	Where did you and Tom first meet each other?
7896051	കാര്യങ്ങള്‍ പഴയപടിയായി.	7895821	Things went back to normal.
7896053	മദ്യം ഒരു പ്രധാന ഘടകമാണ്.	7895820	Alcohol was a contributing factor.
7896054	ടോം അവന്‍റെ ജീവിതകഥ എന്നോട് പറഞ്ഞു.	7895812	Tom told me his life story.
7896057	അത് മനപ്പൂര്‍വമായോരു തീരുമാനമായിരുന്നില്ല.	7895811	It wasn't a conscious decision.
3107136	നിങ്ങൾ കാര്യം പറ സുഹൃത്തേ	7896058	Tell me the matter, friend.
3178043	അവൾ സുന്ദരിയാണ്‌.	7896068	She is pretty.
2187313	ആ പൂട്ട്‌ തീര്‍ച്ചയായും പോളിക്കപ്പെടണം.	7896071	That lock definitely must be broken.
7896074	ഞാന്‍ കരുതി നിനക്ക് ഫ്ലൈറ്റ് കിട്ടിയില്ലെന്ന്‍.	2541096	I thought you missed your flight.
7896076	എനിക്ക് കളിക്കാന്‍ സമയമില്ല.	2568654	I don't have time to play games.
7896080	നീ എന്നുതൊട്ടാണ് പൂക്കളെ ശ്രദ്ധിച്ച് തുടങ്ങിയത്?	4493212	Since when do you care about flowers?
7896081	സമിയുടെ കൈയില്‍ ചിലവാക്കാന്‍ ഒറ്റ കാശില്ല.	7268113	Sami had zero dollars to spend on anything.
7901903	ടോം തനിക്ക് അറിയാവുന്ന കാര്യമാണ് പറയുന്നത് എന്ന്‍ വ്യക്തമാണ്.	7901890	It's obvious Tom knows what he's talking about.
7901910	സൗന്ദര്യത്തില്‍ അവള്‍ തന്‍റെ അനിയത്തിയേക്കാള്‍ ഒട്ടും പുറകിലല്ല.	313911	She is no less beautiful than her sister.
7901911	ഞങ്ങളെ തടുക്കരുത്.	1849382	Don't resist us.
7901912	ടോം വരാന്‍ താമസിക്കുമെന്ന്‍ തോന്നുന്നു.	2358703	I have a feeling Tom will be late.
7901914	ഭാവിയെക്കുറിച് എനിക്ക് പേടിയില്ല.	4135158	I'm not afraid of the future.
7901916	അതിന് പല കാരണങ്ങള്‍ ഉണ്ട്.	5203933	There are several reasons.
7901919	എന്റെ എക്കാലത്തെയും പ്രിയപ്പെട്ട സിനിമകളില്‍ ഒന്നാണ് ഇത്.	2640558	This movie is one of my all-time favorites.
7901920	അതിനെക്കുറിച്ച് ഞങ്ങള്‍ ക്ലാസ്സില്‍ വച്ച് വായിച്ചു.	4694580	We read about that in class.
7901925	ഞാന്‍ നിന്നെപ്പോലെയല്ല.	1647836	I'm not like you.
7901928	അവള്‍ ഒരു യുവസൈനികനുമായി സ്നേഹത്തിലായി.	2779972	She fell in love with a young soldier.
7901932	എന്താ എല്ലാവര്‍ക്കും അവരെ പേടി?	3911486	Why are people scared of them?
7901956	ടോമിന് അതുചെയ്യാന്‍ മടിയില്ല എന്നാണ് എന്‍റെ പ്രതീക്ഷ.	6243183	I hope Tom isn't reluctant to do that.
7901962	സമി പോലീസിന് എല്ലാം ചോര്‍ത്തി കൊടുക്കുകയായിരുന്നു.	6567094	Sami was spilling it all to the cops.
7901965	നിങ്ങള്‍ നിങ്ങളുടെ കുട്ടികളോടും ഇതുതന്നെയാണോ ചെയ്യാറുള്ളത്?	7129739	Do you do the same with your children?
7901970	നീ എന്തിനാണ് ഓസ്ട്രേലിയയില്‍ പോയതെന്ന് ടോമിനോട് പറയണ്ട കാര്യമുണ്ടെന്നു എനിക്ക് തോന്നുന്നില്ല.	7227528	I don't think that you need to tell Tom why you went Australia.
7901972	അവന്‍റെ മനസ്സ് മാറ്റിയത് എന്താണെന്നാണ് എനിക്ക് മനസിലാകാത്തത്.	38634	I wonder what has made him change his mind.
7901973	അത് എളുപ്പമായിരിക്കുമെന്ന് ഞാന്‍ പറഞ്ഞില്ലല്ലോ.	2388181	I never said it would be simple.
7901975	അവള്‍ തന്‍റെ തെറ്റ് സമ്മതിച്ചു.	2415949	She acknowledged her mistake.
7901978	അത് തീരെ മോശമാണെന്ന് എനിക്ക് തോന്നുന്നില്ല.	5215326	I don't think it's too bad.
7901983	നിങ്ങള്‍ പറയുന്നത് എനിക്ക് മനസ്സിലാകുന്നില്ല. ഒന്ന്‍ വിശദമായി പറയാമോ?	4603192	I'm not following you at all. Can you break it down for me?
7901990	വേറെ എന്തൊക്കെയുണ്ട് നിന്‍റെ കൈയില്‍?	1920679	What else do you have?
7902002	ഏറ്റവും പ്രധാനപ്പെട്ട ലൈംഗിക അവയവം തലച്ചോറാണ്.	3351847	The most important sex organ is the brain.
7902004	ഒരു ഡസന്‍ മുട്ടക്ക് എന്താ വില?	5848416	How much do a dozen eggs cost?
7902012	ടോം അവന്‍റെ കളിപ്പാട്ടങ്ങള്‍ തറയില്‍നിന്നു പെറുക്കിയെടുത്തു ഒരു പെട്ടിയില്ലിട്ടു.	5903764	Tom picked his toys up off the floor and put them in the box.
7902014	ഒരു കാപ്പി കുടിച്ചാലോ?	1497498	And what about a coffee?
7902026	നമുക്ക് ഒഴുക്കിനെതിരെ നീന്താം.	2110989	Let's try to swim against the current.
7902030	ടോമിന് പൊരിച്ച കോഴിയിറച്ചി ഇഷ്ട്ടമാണ്.	3419589	Tom likes fried chicken.
7902034	സമിക്ക് ഒരു കമ്പ്യൂട്ടറിന്‍റെ ആവശ്യമേയുള്ളൂ.	6451086	Sami only needs one computer.
7902036	അതത്ര നല്ല ബുദ്ധിയല്ല.	7198871	It isn't a good idea.
7902038	ഞാന്‍ ഇത്തിരി നേരത്തെ എത്തിയായിരുന്നെങ്കില്‍.	6783779	I wish I'd come a little earlier.
7902040	ടോമിന് ഇപ്പോഴും എന്നെ ഇഷ്ടമാണന്ന്‍ എനിക്ക് അറിയാം.	6786270	I know Tom still loves me.
7902041	അവള്‍ ചെയ്യാനുള്ളത് അവള്‍ ചെയ്തു.	7402472	She did what she needed to do.
7902043	ഞാന്‍ നിന്‍റെ കാര്യമല്ല പറഞ്ഞത്.	2544363	I wasn't talking about you.
7902044	ടോം വളരെ ഭാഗ്യവാനാണ്.	3442395	Tom is quite lucky.
7902045	ടോം കോളേജില്‍ വോളിബോള്‍ കളിക്കുമായിരുന്നു.	6683304	Tom played volleyball in college.
7902046	ഞാന്‍ ഇപ്പോള്‍ പോസ്റ്റോഫീസില്‍ പോയതേയുള്ളൂ.	324558	I've just been to the post office.
7902048	നിങ്ങള്‍ എന്നെ ഒത്തിരി ശല്യംചെയ്യുന്നു.	6733365	You disturb me a lot.
7902060	വേറെ ഒരു വഴിയുമില്ല.	7120679	There aren't any other options.
7902066	ടോം മേരിയുടെ സഹോദരനാണ്.	1028549	Tom is Mary's brother.
5494132	സമയം എത്രയായി?	757376	What's the time?
7908696	ബെറ്റ് വെക്കുന്നോ?	6047229	Wanna bet?
7908697	പന്തയം വെക്കുന്നോ?	6047229	Wanna bet?
7908717	നീ നിന്‍റെ കടങ്ങള്‍ വീട്ടണം.	16014	You should pay back your debts.
7908719	നിന്‍റെ അച്ഛനെ പിന്തുണയ്ക്കുന്നത് അദേഹത്തിന്‍റെ സുഹൃത്തുക്കള്‍ മാത്രമല്ല.	16918	Your father's supporters are not limited to his friends.
7908721	ഞാന്‍ വാതില്‍ അടക്കാതെ പോയില്ല.	2290404	I didn't leave the door unlocked.
7908722	നമ്മുടെ പ്രശ്നം അത് മാത്രമല്ല.	2663423	That's not our only problem.
7908723	അവളുടെ കവിളുകള്‍ രണ്ടും ചുവന്നുതുടുത്തു.	4375735	Both of her cheeks turned red.
7908724	കണ്ടിട്ട് മേരിക്ക് ക്ഷീണം ഉണ്ടെന്ന് തോന്നുന്നു.	6424775	Mary looks like she's a bit tired.
7908725	ടോമിനും മേരിക്കും അവരുടെ ജോലി നഷ്ടമായി.	6522515	Tom and Mary have lost their jobs.
7922097	അയാള്‍ എഴുന്നേറ്റുനിന്നു.	517531	He stood up.
7922098	അവന്‍ എഴുന്നേറ്റുനിന്നു.	517531	He stood up.
7922099	അവള്‍ എഴുന്നേറ്റുനിന്നു.	1156045	She stood up.
7935785	അഞ്ചു ദിവസം കഴിഞ്ഞു പ്രസിഡന്‍റ്റ് ടയിലര്‍ മരിച്ചു.	807351	Five days later, President Taylor died.
759814	ഇപ്പോഴത്തേക്ക് അതു മതിയാകും.	9336478	That'll be enough for now.
727076	എനിക്ക് കണക്ക് അത്ര ഇഷ്ടമല്ല.	7492558	I don't like mathematics very much.
780415	പുറത്ത് ഇരുട്ടാണ്.	1053373	It's dark outside.
672967	ഞാൻ ഒരു പക്ഷിയായിരുന്നെങ്കിൽ, എനിക്ക് നിന്റെ അടുത്തേക്ക് പറന്നു വരാമായിരുന്നു.	6678221	If I'd been a bird, I could've flown to you.
10655906	നീ എന്തുകൊണ്ടാണ് ഇത് ടോമിനോട് പറയാത്തത് ?	2210620	Why don't you explain it all to Tom?
10655933	അയാൾ മാസത്തില് രണ്ടു മൂന്ന് തവണ ഗോൾഫ് കളിക്കും.	295902	He plays golf two or three times a month.
10655940	പാർട്ടിയിലേക്ക് എന്താണ് കൊണ്ടുവരേണ്ടെന്ന് ടോം മേരി എടുക്കൽ പറഞ്ഞിട്ടുണ്ട്	4132336	Tom has already told Mary what to bring to the party.
10657390	നീ കൂട്ടുകാരെ കണ്ടെത്തുമ്പോൾ സൂക്ഷിക്കണം.	324427	You must be careful in choosing your friends.
10657394	ഈ നിയമം മാറ്റിയെ പറ്റു.	9013861	This rule needs to be changed.
10657401	ധാ ആ കാണുന്ന പെണ്ണിന് അമ്മയില്ല.	9013863	That girl over there doesn't have a mother.
10657405	ആ തൊപ്പി എനിക്ക് ചെറുതാണ് .	9013874	That cap is too small for me.
10657428	ഞാൻ നിന്നോട് എപ്പോളെങ്കിലും കള്ളം പറഞ്ഞിട്ടുണ്ടോ ?	3163228	Have I ever lied to you?
10658367	ഞാൻ പോയി കൈ കഴുകട്ടെ.	4405097	I'll go wash my hands.
10658369	എന്നെ മനസ്സിലായോ ?	3415401	Do you recognize me?
10658371	ടോമിനെ കണ്ടിട്ട് എന്നെ മനസ്സിലായില്ലെന്ന് തോന്നുന്നു.	3415402	Tom didn't appear to recognize me.
10658373	നീ എന്നെ ചുമ്മാതെ പേടിപ്പിക്കാൻ നോക്കുകയാ.	3415404	You're just trying to scare me.
10658374	ഞാൻ ഓസ്‌ട്രെലിയയിൽ പോകുകയാണെന്ന് എന്റെ കൂട്ടുകാരോട് പറഞ്ഞട്ടില്ല.	7184251	I didn't tell my friends I was going to Australia.
10658483	ആ നദി കവിഞ്ഞൊഴുകി.	2268493	The river overflowed.
10658519	ലെയ് ല ഒരു ഇലപോലെ വിറയ്ക്കുന്നുണ്ടായിരുന്നു.	6097287	Layla was shaking like a leaf.
10658521	ഇന്ന് വീട്ടിൽ പോകുന്നതിനു മുമ്പ് ചെയ്യാൻ പറ്റുമെന്ന് തോന്നുന്നുണ്ടോ ?	6082820	Do you think you'd be able to do that before you go home today?
10658958	അവർ പരസ്പരം കണ്ടെത്തി.	680961	They found each other.
10658959	നിങ്ങളുടെ ജോലി എപ്പോഴാണ് കഴിയുന്നത് ?	680966	When will you finish your work?
10659134	എന്റെ അമ്മ പാവമാ.	1793853	My mother is a kind soul.
10659142	ടോം ഇതുവരെ അത് ചെയ്തിട്ടില്ല.	6223354	Tom has apparently not yet done that.
10662449	ടോം ഇത് അറിയുവാൻ പോകുന്നില്ല.	3728477	Tom isn't going to know about it.
10662453	അ കളി രസമായി തുടങ്ങി.	6590341	The game is starting to be interesting.
10662455	വിരൽ ഒടിഞ്ഞു.	6589067	The finger is broken.
10662457	അവനു കുഴപ്പമൊന്നുമില്ലലൊ?	6589064	Is he OK?
10662458	ഇവിടെ ജോലി തുടങ്ങുന്നതിനു മുമ്പ് എവിടെയാണ് ജോലി ചെയ്തുകൊണ്ടിരുന്നത് ?	4045680	Where did you work before you started working here?
10662459	ഇന്നലെ ഗ്രന്ഥശാലയിൽ ഉണ്ടായിരുന്നോ?	4034837	Were you at the library yesterday afternoon?
10662460	ദയവിട്ട് അത് ഒന്നുകൂടി പറയാമോ?	4034839	Can you please say that again?
10662461	എനിക്ക് ടോമിനെ ഒന്നുകൂടി കാണണമെന്നുണ്ട് .	4034840	I'd like to see Tom again.
10665936	ബോസ്റ്റണിലേക്കു അധികം ദൂരം ഇല്ല ഇവിടുന്ന്.	8517733	Boston isn't all that far away.
10665954	എനിക്ക് ആ സമയം ശരിയല്ല എന്ന് തോന്നി.	8517734	I felt that the timing wasn't right.
10665958	ടോമിന് സഹായിക്കാൻ താത്പര്യം ഇല്ല.	8517735	Tom doesn't want help.
10668378	ടോമിന് കൃത്യമായി മേരി എവിടാണെന്ന് അറിയാമായിരുന്നു.	5700968	Tom knew exactly where Mary was.
10668379	ഇന്ന് നീന്താൻ പോകുവാൻ തോന്നുന്നില്ല.	5700969	I don't really want to go swimming today.
10668380	എനിക്കപ്പഴേ അറിയാമായിരുന്നു എന്തോ അശുഭം സംഭവിക്കാൻ പോകുകയാണെന്ന് .	5700971	I knew something bad was about to happen.
10668381	എനിക്ക് അറിയാമായിരുന്നു ഇവിടെ ഒന്നും ചെയ്യുവാൻ കാണില്ലെന്ന് .	5700973	I knew there would be nothing to do here.
10668382	ടോം നിന്റെ കാമുകൻ അല്ലലോ ?	5700974	Tom isn't your boyfriend, is he?
